"year_b","id_i","weight_d","respondent_age_o","respondent_education_level_o","in_the_workforce_b","household_income_quintile_o","main_source_emergency_funds_c","has_account_b","has_financial_institution_account_b","has_mobile_money_account_b","made_or_received_digital_payment_b","received_government_pension_b","received_government_transfers_c","received_government_pension_payment_c","used_phone_for_finance_b","owns_mobile_phone_b","saved_in_past_year_b","any_deposit_into_account_b","any_withdrawal_from_account_b","reason_no_account_c","borrowed_in_the_past_year_c"
2017,2,0.6743415611904492,42,0,0,0,0,1,1,0,1,0,1,0,1,1,0,1,1,NA,2
2017,4,0.9317940422366628,35,1,0,1,0,1,1,0,1,0,1,0,NA,1,0,NA,NA,1,1
2017,8,1.2513573579757358,37,0,0,1,0,1,1,0,1,0,1,0,NA,0,0,NA,NA,5,2
2017,9,1.9209095962758609,20,1,0,1,2,1,1,0,1,0,3,0,0,0,1,1,1,NA,1
2017,11,0.5956589693894226,40,1,0,2,0,1,1,0,1,0,1,0,0,0,1,1,1,NA,3
2017,13,0.9954275879125734,76,2,0,3,4,1,1,0,1,0,0,0,0,0,0,1,1,NA,0
2017,14,1.003601639382893,48,0,1,2,0,1,1,0,1,0,1,0,0,0,0,1,1,NA,3
2017,16,0.3924854977481907,37,1,1,4,0,1,1,1,1,0,1,0,0,1,0,1,1,NA,3
2017,18,1.9986919526812086,32,0,0,0,0,1,1,0,1,0,1,0,0,0,0,1,1,NA,1
2017,19,0.6895992242227059,33,1,0,1,0,1,1,1,1,NA,1,NA,0,1,0,0,1,NA,0
2017,20,1.1774564932445721,38,1,1,1,0,1,1,1,1,0,1,0,1,1,1,0,1,NA,1
2017,24,1.4755486595212377,30,1,0,3,0,1,1,0,1,0,0,0,1,1,0,0,1,NA,0
2017,26,1.3486831223808984,48,0,0,0,0,1,1,0,1,0,1,0,NA,0,0,NA,NA,0,0
2017,27,1.879588129758262,52,0,1,3,0,1,1,0,1,0,1,0,0,1,0,1,1,NA,1
2017,29,2.475403571279069,15,1,0,2,1,1,1,0,NA,0,0,0,0,1,1,NA,NA,NA,0
2017,35,0.6485053959419441,70,1,0,4,0,0,0,0,0,1,0,2,NA,1,0,NA,NA,5,0
2017,36,0.2860514716047312,39,2,0,2,3,1,1,1,1,0,0,0,1,1,0,1,1,NA,2
2017,37,0.35692227578857944,34,2,1,4,1,1,1,0,1,0,1,0,0,1,1,1,0,NA,3
2017,40,0.7676031932734615,47,0,0,4,0,1,1,0,1,0,1,0,NA,1,0,NA,NA,1,1
2017,41,0.2860514716047312,60,0,0,1,2,1,1,0,1,1,1,1,NA,1,0,NA,NA,6,1
2017,42,1.4763877578636095,52,1,0,2,0,1,1,1,1,0,2,0,1,1,1,1,0,NA,3
2017,43,0.38380159663673075,41,0,0,4,0,0,0,0,0,0,0,0,NA,1,0,NA,NA,5,4
2017,45,1.3144014154993044,50,0,0,3,0,1,1,0,NA,0,0,0,0,1,0,0,0,NA,1
2017,46,1.5823167653982813,38,1,0,0,0,1,1,0,1,0,1,0,NA,1,0,NA,NA,3,0
2017,50,0.7755230113237459,18,1,0,4,2,1,1,1,NA,0,0,0,NA,1,1,0,1,NA,1
2017,51,0.8316384924695615,19,1,0,2,2,1,1,0,1,0,0,0,1,1,0,1,1,NA,4
2017,55,0.9317940422366628,30,1,1,1,0,1,1,0,NA,0,3,0,0,1,0,1,0,NA,1
2017,56,0.2860514716047312,34,2,1,0,0,1,1,1,1,0,3,0,0,1,0,0,0,NA,0
2017,59,0.4679612899373414,45,1,0,4,0,1,1,0,1,0,3,0,0,1,0,1,0,NA,1
2017,60,2.9384095884850137,18,1,0,2,0,1,1,1,1,0,1,0,0,1,1,0,1,NA,0
2017,61,1.5699419909927628,38,0,0,3,0,1,1,0,1,0,1,0,NA,1,0,NA,NA,5,1
2017,63,0.47854938962587246,30,0,1,0,0,1,1,0,1,0,1,0,NA,1,0,NA,NA,1,0
2017,64,1.9986919526812086,30,1,1,3,0,1,1,0,NA,0,0,0,0,1,0,1,1,NA,1
2017,66,0.7346023971212534,18,1,0,4,2,1,1,0,NA,0,0,0,0,1,1,1,1,NA,4
2017,69,0.38958256679898223,44,2,1,0,1,1,1,0,1,0,1,0,1,1,1,1,1,NA,1
2017,70,2.8813643944137906,17,1,0,2,2,1,1,1,1,0,1,0,NA,0,0,NA,NA,6,NA
2017,74,0.41878151177288686,26,2,1,1,0,1,1,0,1,0,1,0,1,1,1,0,1,NA,1
2017,75,2.9536587195081534,22,1,0,3,2,1,1,0,1,0,1,0,NA,1,0,NA,NA,1,3
2017,76,2.9536587195081534,17,1,0,3,3,1,1,0,1,0,1,0,0,1,0,0,0,NA,0
2017,78,0.562776638388657,27,2,1,4,1,1,1,1,1,0,1,0,1,1,1,1,1,NA,3
2017,79,0.48575748820293324,33,2,1,2,0,1,1,1,1,1,1,1,1,1,0,1,1,NA,3
2017,80,0.925079605721244,80,0,0,1,0,1,1,0,1,1,0,1,0,1,0,1,1,NA,0
2017,81,0.8762676103328697,54,0,0,1,0,1,1,0,NA,1,3,3,0,1,0,0,0,NA,1
2017,83,0.572837383933928,50,1,1,4,0,1,1,0,1,0,1,0,NA,1,0,1,1,NA,0
2017,84,0.6895992242227059,35,1,0,3,0,1,1,0,1,0,1,0,NA,1,0,NA,NA,5,1
2017,86,1.8001288313333557,52,1,0,4,0,1,1,0,1,1,1,1,0,1,0,1,1,NA,1
2017,87,0.8441649575829856,28,2,0,0,0,1,1,0,1,0,1,0,0,1,0,1,1,NA,0
2017,89,0.9604547981379304,26,1,0,3,0,1,1,0,1,0,0,0,0,1,1,1,1,NA,4
2017,90,1.4763877578636095,51,1,0,1,0,1,1,1,1,1,1,1,1,1,0,1,1,NA,3
2017,93,1.509103998631455,19,1,0,4,3,1,1,0,1,0,0,0,0,1,1,0,1,NA,4
2017,94,0.2860514716047312,35,2,0,0,0,1,1,1,1,0,1,0,1,1,1,1,1,NA,1
2017,95,0.992016739004525,50,1,0,2,0,1,1,0,1,0,1,0,0,1,0,0,1,NA,0
2017,96,1.1514047899101925,48,1,1,0,0,1,1,0,1,0,1,0,1,1,0,1,1,NA,1
2017,98,0.992016739004525,67,0,0,3,0,1,1,0,1,0,1,0,0,1,1,0,1,NA,0
2017,100,0.38380159663673075,40,1,1,0,0,1,1,0,1,0,1,0,0,1,0,0,1,NA,2
2017,103,0.4658970211183314,31,1,0,1,1,1,1,0,1,0,1,0,NA,1,0,0,0,NA,0
2017,105,1.9544700811243398,40,0,0,1,0,0,0,0,0,0,0,0,NA,0,0,NA,NA,5,2
2017,107,0.47291454475911016,38,2,0,3,0,1,1,0,1,0,0,0,1,1,1,1,1,NA,1
2017,109,1.9544700811243398,49,1,1,3,0,1,1,1,1,0,1,0,NA,1,0,NA,NA,1,1
2017,112,0.5353834136828693,35,2,1,2,0,1,1,0,1,0,0,0,1,1,1,1,1,NA,2
2017,113,1.919007983183653,47,1,0,0,0,1,1,0,1,0,0,0,0,1,1,1,1,NA,0
2017,114,2.9536587195081534,17,1,0,2,0,1,1,1,1,0,1,0,0,0,1,1,1,NA,1
2017,115,0.2860514716047312,75,1,1,4,1,1,1,0,1,1,0,1,0,1,1,0,0,NA,0
2017,116,1.1072908183977073,54,1,0,2,2,1,1,0,1,0,3,0,NA,1,0,NA,NA,1,4
2017,117,0.9570987792517449,34,1,0,2,1,1,1,0,1,0,3,0,NA,1,1,0,0,NA,0
2017,118,0.462539802860622,50,1,0,4,0,1,1,0,1,0,0,0,0,1,0,0,0,NA,0
2017,122,1.8565526784593014,29,1,1,1,0,1,1,0,1,0,1,0,NA,1,0,NA,NA,5,1
2017,123,0.32383832546862207,30,2,0,4,0,1,1,1,1,0,0,0,1,1,1,1,1,NA,3
2017,125,1.9986919526812086,38,1,0,3,0,1,1,0,1,0,1,0,0,0,0,0,0,NA,3
2017,126,0.6743415611904492,48,0,0,4,0,0,0,0,0,0,0,0,NA,1,0,NA,NA,NA,1
2017,127,0.31527636317274,30,2,0,0,0,0,0,0,0,0,0,0,NA,1,0,NA,NA,4,0
2017,129,0.2860514716047312,44,2,1,0,0,1,1,0,1,0,0,0,0,1,0,1,1,NA,3
2017,130,1.850159211442488,50,0,0,2,0,1,1,0,1,0,1,0,1,1,0,0,1,NA,0
2017,131,0.47854938962587246,31,1,0,4,1,1,1,0,1,0,1,0,NA,1,1,NA,NA,3,1
2017,133,0.6476766509372441,30,2,1,4,2,1,1,1,1,0,1,0,0,1,1,1,1,NA,3
2017,134,1.4755486595212377,32,1,1,1,0,1,1,0,1,0,1,0,0,1,0,1,1,NA,1
2017,135,1.209493937749645,70,1,0,3,3,1,1,0,NA,0,0,0,0,0,1,0,0,NA,4
2017,136,0.31514344007227757,25,2,1,2,0,1,1,0,1,0,0,0,0,1,0,1,1,NA,1
2017,137,0.2860514716047312,30,1,1,1,0,1,1,0,1,0,0,0,0,1,0,0,1,NA,2
2017,138,0.2860514716047312,31,2,1,3,3,1,1,1,1,0,0,0,1,1,0,1,1,NA,0
2017,140,0.6861526682717599,26,2,0,1,0,1,1,0,1,0,0,0,1,0,1,1,1,NA,1
2017,141,1.4692047942425068,25,1,1,1,3,1,1,1,1,0,0,0,1,1,1,1,1,NA,1
2017,144,2.9536587195081534,22,1,1,0,0,1,1,0,1,0,0,0,0,1,0,1,1,NA,1
2017,145,1.879588129758262,50,0,1,3,0,1,1,0,1,1,1,1,0,1,0,1,1,NA,1
2017,147,0.31514344007227757,17,2,0,4,1,1,1,0,1,0,0,0,0,1,1,1,1,NA,1
2017,148,0.8441649575829856,27,2,1,4,0,1,1,1,1,0,1,0,0,1,1,1,0,NA,0
2017,149,0.4695067587634183,52,2,1,4,0,1,1,0,1,1,1,1,1,1,1,1,1,NA,4
2017,150,0.6485053959419441,55,0,0,1,0,1,1,0,1,0,1,0,NA,1,0,NA,NA,5,1
2017,153,0.8375630235457737,24,2,0,1,0,1,1,0,1,0,0,0,1,1,1,1,1,NA,1
2017,154,2.9536587195081534,18,1,0,0,0,1,1,1,1,0,1,0,0,1,0,0,1,NA,0
2017,155,0.6091363588314156,38,1,0,0,2,1,1,0,1,0,1,0,1,1,0,1,1,NA,3
2017,156,1.0496056574048014,22,2,1,1,0,1,1,1,1,0,0,0,1,1,1,1,1,NA,3
2017,159,0.8316384924695615,29,1,0,0,0,1,1,0,1,0,1,0,1,1,0,0,1,NA,3
2017,160,0.45558886022391015,46,1,0,4,0,0,0,0,0,0,0,0,NA,1,0,NA,NA,7,0
2017,161,0.39839726823450866,36,2,0,4,3,1,1,0,1,0,1,0,1,1,0,1,1,NA,2
2017,162,0.2860514716047312,40,2,0,4,0,1,1,0,1,0,0,0,NA,1,0,0,0,NA,0
2017,163,2.9536587195081534,17,1,1,3,1,1,1,1,1,0,1,0,1,1,1,1,1,NA,1
2017,164,1.4880251085067875,55,1,0,4,1,1,1,1,1,0,0,0,1,1,1,1,1,NA,0
2017,166,0.572837383933928,55,1,0,0,0,1,1,0,1,0,1,0,1,1,0,1,1,NA,1
2017,168,0.31514344007227757,29,2,0,0,0,1,1,1,1,0,3,0,1,1,1,1,1,NA,3
2017,169,0.6485053959419441,57,0,0,4,0,0,0,0,0,0,3,0,NA,0,0,NA,NA,6,1
2017,170,0.6047469688748225,69,0,0,0,0,1,1,0,NA,0,0,0,0,0,0,0,0,NA,0
2017,171,0.31514344007227757,29,0,0,3,0,1,1,0,1,0,1,0,0,1,0,0,0,NA,3
2017,173,0.48257523781199585,50,0,1,1,0,1,1,0,1,1,1,1,1,1,0,0,0,NA,1
2017,175,0.992016739004525,60,1,0,0,0,1,1,0,1,0,3,0,0,1,0,0,1,NA,0
2017,176,0.49925798403002875,39,2,0,2,0,1,1,0,1,0,0,0,0,1,1,0,1,NA,4
2017,177,0.7659173574386122,19,2,1,2,1,1,1,0,1,0,1,0,1,1,1,1,1,NA,0
2017,181,0.31514344007227757,20,1,0,0,1,1,1,0,1,0,1,0,1,1,1,0,0,NA,2
2017,182,1.4069415959716423,25,2,0,2,0,1,1,1,1,0,0,0,1,1,1,1,1,NA,1
2017,184,1.5510460226474918,28,1,0,2,0,1,1,0,1,0,1,0,0,1,1,0,0,NA,1
2017,186,1.5699419909927628,33,0,0,0,0,1,1,0,1,0,1,0,NA,1,0,NA,NA,3,1
2017,187,2.9536587195081534,25,1,0,0,3,1,1,0,1,1,1,1,0,1,1,1,1,NA,3
2017,189,0.2860514716047312,33,2,1,1,0,1,1,1,1,0,0,0,NA,1,1,1,1,NA,4
2017,191,0.2860514716047312,34,1,0,3,0,1,1,0,1,0,0,0,0,1,0,1,1,NA,0
2017,192,1.3976910633549937,38,1,0,0,0,1,1,0,1,0,1,0,NA,1,0,NA,NA,5,3
2017,193,2.2636559979471818,20,1,0,2,0,1,1,1,1,0,1,0,1,1,1,1,1,NA,3
2017,195,0.31514344007227757,27,2,1,4,0,1,1,0,1,0,0,0,0,1,1,1,1,NA,1
2017,196,0.572837383933928,52,0,0,1,0,1,1,0,1,0,1,0,0,1,1,1,1,NA,3
2017,197,0.3690969394659024,55,1,0,4,0,1,1,0,1,0,0,0,0,1,0,0,1,NA,0
2017,199,0.5311963576460116,33,2,1,3,0,1,1,0,1,0,1,0,NA,1,0,NA,NA,1,3
2017,200,1.8223554408956406,45,1,0,1,3,1,1,0,1,0,1,0,0,1,1,1,1,NA,1
2017,201,0.7872042430536011,20,2,0,2,0,1,1,1,1,0,0,0,1,1,1,1,1,NA,1
2017,202,0.4960083695022625,60,1,0,0,0,1,1,0,1,1,0,1,0,1,0,1,1,NA,1
2017,205,0.32383832546862207,31,2,0,4,1,1,1,0,NA,0,0,0,0,1,1,0,0,NA,0
2017,212,1.9544700811243398,44,0,0,0,0,1,1,0,1,0,3,0,1,1,0,1,1,NA,1
2017,216,0.6430679577945171,37,0,0,2,0,0,0,0,0,0,0,0,NA,0,0,NA,NA,6,1
2017,217,0.2860514716047312,32,2,1,4,3,1,1,1,1,0,0,0,1,1,1,1,1,NA,2
2017,221,0.6582734385370035,79,2,0,1,0,1,1,0,1,1,0,1,0,0,1,1,1,NA,0
2017,223,0.562776638388657,28,2,0,1,0,1,1,0,1,0,2,0,0,1,1,1,1,NA,0
2017,226,0.2860514716047312,34,2,0,1,1,1,1,0,1,0,0,0,1,1,0,1,1,NA,1
2017,229,0.3166732709364046,48,2,1,4,1,1,1,0,1,0,1,0,0,1,1,1,1,NA,3
2017,231,0.562776638388657,27,2,1,4,0,1,1,0,1,0,1,0,0,1,1,1,1,NA,3
2017,232,0.5248028287024007,26,2,1,4,1,1,1,0,1,0,1,0,1,1,1,1,1,NA,3
2017,233,0.2860514716047312,33,2,1,4,0,1,1,0,1,0,0,0,0,1,1,1,0,NA,1
2017,234,0.2860514716047312,32,2,1,1,0,1,1,0,1,0,0,0,0,1,0,0,1,NA,3
2017,238,1.509103998631455,23,1,0,3,3,1,1,0,1,0,0,0,0,1,1,0,0,NA,1
2017,243,1.879588129758262,55,1,0,1,NA,1,1,0,1,1,1,1,0,0,0,1,1,NA,1
2017,245,1.3144014154993044,55,0,1,2,2,1,1,0,1,1,1,1,NA,1,0,NA,NA,6,0
2017,249,0.2860514716047312,38,1,0,3,0,1,1,0,1,0,1,0,0,1,1,1,1,NA,3
2017,250,0.31514344007227757,18,1,0,3,2,1,1,0,1,0,1,0,0,1,0,NA,NA,NA,0
2017,251,0.2860514716047312,42,2,0,1,1,1,0,1,1,0,0,0,NA,1,1,NA,NA,0,2
2017,256,1.9544700811243398,40,1,0,1,2,1,1,0,1,0,NA,0,NA,1,1,NA,NA,3,0
2017,257,0.6485053959419441,53,1,0,0,0,1,1,0,1,0,1,0,0,1,0,1,1,NA,2
2017,261,0.31514344007227757,29,1,0,3,0,1,1,0,1,0,1,0,0,1,1,1,1,NA,3
2017,262,0.2860514716047312,32,2,1,4,3,1,1,0,1,0,0,0,1,1,1,1,1,NA,2
2017,263,1.5473073640406303,40,1,1,1,0,1,1,1,1,0,1,0,NA,1,1,NA,NA,1,1
2017,264,1.0469537794322168,27,2,1,2,2,1,1,0,1,0,0,0,1,1,1,1,1,NA,0
2017,265,0.2860514716047312,31,2,1,4,3,1,1,0,1,0,3,0,0,1,1,1,1,NA,2
2017,271,0.2860514716047312,99,2,1,4,0,1,1,0,1,0,1,0,0,1,0,0,0,NA,3
2017,272,0.2860514716047312,42,2,1,4,0,1,1,0,1,0,1,0,1,1,1,1,1,NA,2
2017,273,0.2860514716047312,65,0,0,0,0,1,1,0,1,0,2,0,0,1,1,0,1,NA,1
2017,279,1.7651817977615107,99,0,0,1,0,1,1,0,1,1,1,1,NA,0,0,NA,NA,1,4
2017,280,0.2860514716047312,36,0,0,0,0,1,1,0,1,0,1,0,0,1,0,1,1,NA,1
2017,287,0.2860514716047312,50,2,1,4,1,1,1,0,1,0,0,0,1,1,1,0,1,NA,3
2017,289,0.6091363588314156,30,1,1,3,0,1,1,0,1,0,1,0,0,1,0,1,0,NA,4
2017,290,1.3667665806717302,48,1,1,4,2,1,1,1,1,0,1,0,1,1,1,1,1,NA,2
2017,291,0.7849709954963814,32,1,0,2,0,1,1,1,1,0,1,0,0,1,1,0,1,NA,3
2017,293,0.9865378754920365,28,1,0,0,0,1,1,0,1,0,0,0,0,1,1,0,NA,NA,3
2017,297,1.2377017856395345,20,1,0,4,0,1,1,0,1,0,1,0,1,1,1,1,1,NA,1
2017,299,0.992016739004525,55,1,0,4,3,1,1,0,1,0,1,0,0,1,1,1,1,NA,0
2017,301,1.1774564932445721,38,1,0,1,4,1,1,0,1,0,1,0,0,1,0,1,1,NA,3
2017,304,0.6188508928197672,16,1,0,4,0,1,1,0,1,1,1,1,1,1,0,0,1,NA,0
2017,308,1.125553276777314,27,2,1,3,0,1,1,0,1,0,1,0,1,1,1,1,1,NA,2
2017,309,1.879588129758262,52,0,0,0,0,1,1,0,1,0,1,0,0,1,0,1,1,NA,1
2017,310,0.2964887655738489,99,2,0,3,0,1,1,1,1,0,1,0,1,1,0,1,1,NA,3
2017,315,0.48575748820293324,30,2,1,3,0,1,0,1,1,0,0,0,NA,1,1,NA,NA,1,1
2017,317,0.2860514716047312,53,1,0,4,3,1,1,0,1,1,0,1,0,1,1,1,1,NA,3
2017,318,1.4429015458878813,44,1,0,3,0,1,1,0,1,0,0,0,0,1,1,0,0,NA,0
2017,319,0.5274389217994272,35,1,1,2,0,1,1,0,1,0,1,0,1,1,0,0,1,NA,3
2017,320,0.2860514716047312,30,2,1,2,0,0,0,0,0,0,0,0,NA,1,0,NA,NA,1,3
2017,322,1.1514047899101925,40,0,0,1,0,0,0,0,0,0,0,0,NA,1,0,NA,NA,6,0
2017,324,0.7676031932734615,40,0,0,1,0,1,1,0,1,0,1,0,0,1,0,0,0,NA,1
2017,328,0.3924854977481907,34,1,0,1,2,1,0,1,1,0,0,0,NA,1,0,NA,NA,6,0
2017,329,0.9836991063474919,39,1,1,4,1,1,1,0,1,0,0,0,0,1,0,1,1,NA,1
2017,330,1.9986919526812086,36,0,0,3,0,1,1,0,1,0,1,0,0,0,0,0,0,NA,2
2017,331,0.2860514716047312,33,2,0,0,3,1,1,0,1,0,1,0,NA,1,1,NA,NA,6,2
2017,335,0.32383832546862207,35,2,1,1,0,1,1,0,1,0,1,0,NA,1,0,NA,NA,1,3
2017,338,0.7676031932734615,40,1,0,3,0,1,1,1,1,0,1,0,NA,1,0,NA,NA,1,3
2017,341,0.2860514716047312,35,2,1,1,0,1,1,0,1,0,1,0,0,0,0,0,0,NA,1
2017,342,0.9570987792517449,31,1,0,1,0,1,1,0,1,0,1,0,0,1,0,1,1,NA,1
2017,343,0.2860514716047312,43,2,1,4,0,1,1,0,1,0,0,0,1,1,1,1,1,NA,2
2017,345,0.7138445515771589,31,2,1,1,2,1,1,1,1,0,1,0,1,1,0,1,1,NA,0
2017,346,1.0496056574048014,27,2,1,4,3,1,1,1,1,0,1,0,1,1,1,1,1,NA,1
2017,347,1.1774564932445721,30,1,1,2,0,1,1,1,1,0,3,0,1,1,0,1,1,NA,0
2017,348,0.925079605721244,70,1,0,4,0,1,1,0,1,1,1,1,0,1,1,1,1,NA,0
2017,353,1.535206386546923,45,0,0,0,0,1,1,0,1,0,1,0,0,1,0,1,1,NA,1
2017,354,0.2860514716047312,50,2,0,4,1,1,1,0,1,1,1,1,0,1,1,1,1,NA,0
2017,357,0.9317940422366628,31,1,0,0,0,1,1,0,1,0,0,0,1,1,0,1,1,NA,3
2017,359,2.494915477408685,16,1,0,4,3,1,1,1,1,0,0,0,NA,1,1,1,0,NA,0
2017,360,0.3924854977481907,39,1,0,3,0,1,1,0,1,0,1,0,0,1,0,1,1,NA,1
2017,361,2.326569033971238,21,1,0,2,2,1,1,1,1,0,0,0,1,1,1,0,1,NA,0
2017,362,0.2860514716047312,44,0,1,0,0,0,0,0,0,0,0,0,NA,1,0,NA,NA,0,1
2017,363,1.850159211442488,50,1,1,3,0,1,1,1,1,0,0,0,1,1,0,1,1,NA,1
2017,364,0.31527636317274,32,2,1,3,1,1,1,0,1,0,1,0,1,1,1,1,1,NA,2
2017,365,0.39839726823450866,35,2,0,2,1,1,1,1,1,0,0,0,1,1,1,1,1,NA,2
2017,366,0.2860514716047312,32,2,0,1,0,1,1,0,1,0,3,0,NA,1,1,1,1,NA,3
2017,371,1.9544700811243398,46,1,0,3,0,1,1,0,1,0,1,0,NA,1,0,NA,NA,5,1
2017,372,2.9536587195081534,20,1,0,3,0,1,1,0,NA,0,0,0,0,1,0,0,1,NA,0
2017,373,0.5018008196914465,42,1,0,1,0,1,1,0,1,0,1,0,0,NA,0,0,1,NA,2
2017,374,1.1774564932445721,38,1,0,2,0,1,1,0,1,0,0,0,0,1,0,0,1,NA,4
2017,375,0.3924854977481907,37,1,0,2,0,1,1,0,1,0,0,0,0,1,1,0,0,NA,3
2017,376,1.1774564932445721,39,1,0,0,0,0,0,0,0,0,0,0,NA,1,0,NA,NA,5,1
2017,377,0.2860514716047312,33,2,1,4,3,1,1,1,1,0,1,0,1,1,1,1,1,NA,1
2017,378,1.0548778435988544,33,1,1,1,2,1,1,1,1,0,1,0,1,1,1,1,1,NA,1
2017,380,0.9604547981379304,23,0,0,3,0,1,1,0,1,0,1,0,0,1,0,0,0,NA,1
2017,382,0.2860514716047312,45,0,1,0,0,0,0,0,0,0,0,0,NA,1,1,NA,NA,1,1
2017,384,1.718512151801785,58,0,1,0,0,1,1,0,1,0,3,0,NA,0,1,0,0,NA,2
2017,386,0.33283865602001916,38,2,0,1,0,1,1,0,1,0,1,0,1,1,1,1,1,NA,1
2017,388,1.9544700811243398,43,0,0,1,0,0,0,0,0,0,3,0,NA,0,0,NA,NA,6,0
2017,389,1.1774564932445721,39,1,0,1,0,1,1,0,1,0,1,0,NA,1,0,0,1,NA,NA
2017,390,0.2860514716047312,43,1,0,3,0,1,1,0,1,0,1,0,0,1,1,1,1,NA,1
2017,391,0.38380159663673075,48,0,0,4,0,1,1,0,1,0,1,0,0,1,0,1,1,NA,1
2017,392,1.5510460226474918,20,1,0,2,0,1,1,0,1,0,0,0,0,1,1,1,1,NA,2
2017,399,0.6895992242227059,34,1,0,4,0,0,0,0,0,0,0,0,NA,1,0,NA,NA,6,0
2017,401,0.2860514716047312,31,2,1,4,3,1,1,0,1,0,0,0,1,1,1,1,1,NA,2
2017,402,0.43813380516643485,52,1,0,2,0,1,1,1,1,0,0,0,1,1,0,NA,NA,NA,1
2017,403,2.9536587195081534,20,1,1,2,0,1,1,0,1,0,1,0,0,1,1,1,1,NA,3
2017,406,1.3486831223808984,49,0,0,1,0,1,1,0,1,0,1,0,NA,0,0,NA,NA,7,3
2017,407,0.6895992242227059,35,0,0,0,0,0,0,0,0,0,0,0,NA,0,0,NA,NA,2,0
2017,411,1.2377017856395345,29,0,0,0,0,1,1,0,1,0,1,0,0,1,0,0,1,NA,1
2017,412,2.9384095884850137,16,1,0,4,1,1,1,0,1,0,0,0,0,1,1,1,1,NA,0
2017,413,0.6188508928197672,16,1,0,3,0,1,1,1,1,0,1,0,NA,1,0,NA,NA,5,3
2017,414,2.9384095884850137,18,1,0,0,1,1,1,0,NA,0,NA,0,0,1,1,1,0,NA,0
2017,415,1.718512151801785,50,1,0,1,0,1,1,1,1,0,1,0,1,0,0,0,1,NA,2
2017,418,0.3924854977481907,30,1,0,0,0,1,1,0,1,0,1,0,NA,1,0,NA,NA,1,4
2017,420,2.8813643944137906,18,1,1,2,1,1,1,0,1,0,1,0,NA,0,1,NA,NA,3,0
2017,422,0.35692227578857944,30,2,0,2,1,1,1,0,1,0,1,0,0,1,1,0,0,NA,2
2017,423,0.7381938789318048,51,0,0,2,0,1,1,0,1,1,1,1,0,1,0,0,1,NA,2
2017,424,0.3472559390316637,36,2,0,1,0,1,1,0,1,0,1,0,NA,0,0,NA,NA,5,0
2017,425,0.7755230113237459,15,1,0,4,0,1,1,0,1,0,0,0,1,1,1,1,1,NA,4
2017,426,1.2970107918838882,60,0,0,4,0,1,1,0,1,1,1,1,0,0,0,1,1,NA,0
2017,427,1.535206386546923,47,1,0,1,0,1,1,0,1,0,0,0,0,1,0,1,1,NA,3
2017,428,0.2860514716047312,33,2,0,1,0,1,1,0,1,0,1,0,1,1,1,0,1,NA,2
2017,432,0.2860514716047312,49,1,1,0,0,1,1,0,1,0,1,0,0,1,0,1,1,NA,2
2017,437,0.462539802860622,99,NA,0,1,0,1,1,0,1,0,0,0,0,1,0,1,1,NA,0
2017,438,0.38958256679898223,41,2,1,1,0,1,1,1,1,0,1,0,0,1,0,1,1,NA,1
2017,439,0.38380159663673075,43,0,0,1,0,1,1,0,NA,0,0,0,0,1,0,0,0,NA,1
2017,441,2.9536587195081534,21,1,0,3,2,1,1,0,1,0,1,0,0,1,0,0,1,NA,0
2017,442,0.562776638388657,23,2,1,4,2,1,1,0,1,0,1,0,1,1,1,1,1,NA,2
2017,444,0.47291454475911016,35,2,1,1,0,1,1,1,1,0,1,0,1,1,1,1,1,NA,3
2017,445,0.2860514716047312,30,2,1,4,3,1,1,0,1,0,0,0,0,1,1,1,1,NA,2
2017,447,0.6895992242227059,38,1,0,3,0,1,1,0,1,0,0,0,0,1,0,0,0,NA,0
2017,454,1.2513573579757358,33,1,1,3,0,1,1,0,1,0,3,0,0,0,0,0,0,NA,0
2017,455,1.4429015458878813,48,0,0,0,0,1,1,0,NA,0,0,0,0,1,0,0,0,NA,0
2017,456,0.2860514716047312,30,2,1,0,0,1,1,1,1,0,1,0,1,1,1,1,1,NA,0
2017,457,1.2236705679819546,40,1,1,3,0,0,0,0,0,0,3,0,NA,0,0,NA,NA,1,1
2017,461,0.31527636317274,33,2,0,2,3,1,1,1,1,0,3,0,1,1,1,0,1,NA,3
2017,462,2.9536587195081534,22,1,1,0,0,1,1,1,1,0,1,0,0,0,1,1,1,NA,3
2017,464,1.5510460226474918,27,1,1,1,0,1,1,1,1,0,1,0,0,1,0,1,1,NA,1
2017,467,0.2860514716047312,32,2,1,4,3,1,1,1,1,0,0,0,1,1,1,1,1,NA,0
2017,469,2.9384095884850137,27,1,1,3,0,1,1,0,1,0,1,0,0,1,0,1,1,NA,3
2017,470,0.9836991063474919,37,1,0,0,0,1,1,0,NA,0,0,0,0,1,0,0,1,NA,0
2017,471,0.2860514716047312,33,2,1,0,1,1,1,0,1,0,0,0,1,1,1,1,1,NA,2
2017,472,1.663276984939123,28,1,1,3,0,1,1,1,1,0,1,0,1,1,0,1,1,NA,1
2017,475,0.35692227578857944,32,2,0,4,5,1,1,0,NA,0,0,0,0,1,1,1,1,NA,2
2017,476,0.2860514716047312,45,2,0,4,1,1,1,1,1,0,0,0,1,1,0,1,1,NA,2
2017,478,0.4960083695022625,57,1,0,4,2,1,1,0,NA,0,0,0,0,1,0,1,0,NA,1
2017,479,0.48257523781199585,50,0,1,1,0,1,1,0,NA,0,0,0,0,1,0,0,0,NA,0
2017,483,1.5510460226474918,24,1,0,1,0,1,1,0,1,0,3,0,NA,1,0,NA,NA,6,1
2017,484,0.2860514716047312,40,2,1,2,0,1,1,0,1,0,0,0,1,1,1,1,1,NA,3
2017,485,0.2860514716047312,38,1,0,1,0,1,1,0,1,0,0,0,0,1,1,1,1,NA,1
2017,487,0.4960083695022625,51,1,0,4,0,1,1,0,1,1,1,1,1,1,0,1,1,NA,3
2017,488,0.2860514716047312,35,2,1,1,0,1,1,0,1,0,1,0,0,1,0,1,1,NA,1
2017,489,1.5473073640406303,45,0,0,2,0,1,1,0,NA,0,0,0,0,1,0,0,0,NA,0
2017,490,0.2860514716047312,39,2,0,4,1,1,1,0,1,0,1,0,0,1,1,1,1,NA,2
2017,492,0.4658970211183314,38,1,0,4,0,1,1,0,1,0,0,0,0,1,1,1,1,NA,2
2017,493,1.5510460226474918,23,1,0,2,5,1,1,0,1,0,0,0,1,1,1,0,1,NA,1
2017,495,0.32383832546862207,32,2,1,1,0,1,1,0,1,0,1,0,0,1,0,1,1,NA,1
2017,497,0.6485053959419441,99,NA,0,3,2,1,1,0,1,0,0,0,NA,1,0,NA,NA,3,0
2017,498,0.572837383933928,64,0,0,0,0,1,1,0,1,0,1,0,NA,1,0,NA,NA,2,0
2017,499,1.4429015458878813,49,1,0,3,0,1,1,0,NA,0,3,0,0,1,0,0,0,NA,1
2017,501,0.5274389217994272,32,1,0,3,0,1,1,0,1,0,1,0,0,1,0,1,1,NA,1
2017,503,0.2860514716047312,50,1,0,2,0,1,1,0,1,0,0,0,1,1,0,1,1,NA,0
2017,505,0.6047469688748225,67,0,0,4,0,1,1,0,1,1,0,1,0,0,0,1,1,NA,1
2017,507,0.48096718196262694,40,1,1,2,0,1,1,0,1,0,0,0,0,1,0,1,0,NA,2
2017,508,0.3690969394659024,52,0,0,4,0,1,1,1,1,1,1,1,1,1,0,1,1,NA,3
2017,513,0.48096718196262694,48,1,0,2,2,1,1,1,1,0,1,0,1,1,0,1,1,NA,1
2017,514,0.2860514716047312,33,2,0,2,0,1,1,1,1,0,1,0,1,1,1,1,0,NA,1
2017,516,1.879588129758262,56,0,0,1,0,1,1,0,1,0,1,0,NA,0,0,NA,NA,5,0
2017,517,1.8565526784593014,15,1,0,0,0,0,0,0,0,0,0,0,NA,1,0,NA,NA,6,0
2017,518,1.1514047899101925,42,0,1,0,0,1,1,0,1,0,1,0,NA,1,0,NA,NA,5,0
2017,521,0.7659173574386122,25,2,0,0,0,0,0,0,0,0,0,0,NA,1,1,NA,NA,5,0
2017,522,0.31514344007227757,25,2,1,3,0,1,1,0,1,0,0,0,1,1,0,1,1,NA,1
2017,524,0.35692227578857944,39,2,0,4,0,1,1,0,1,0,0,0,1,1,1,1,1,NA,1
2017,526,1.1774564932445721,35,1,0,1,0,1,1,0,1,0,1,0,1,1,0,0,0,NA,1
2017,530,2.494915477408685,19,1,1,0,0,1,1,0,1,0,0,0,1,1,0,1,1,NA,1
2017,532,0.2860514716047312,40,1,0,3,0,1,1,1,1,0,1,0,1,1,0,0,1,NA,1
2017,533,1.3791984484454118,32,1,0,4,3,1,1,0,1,0,0,0,0,0,0,0,1,NA,0
2017,535,0.2860514716047312,35,2,0,4,0,1,1,0,1,0,0,0,0,1,0,1,1,NA,2
2017,540,0.7849709954963814,30,1,0,3,0,1,1,0,1,0,1,0,0,1,0,1,1,NA,1
2017,541,1.5823167653982813,39,1,0,1,0,1,1,0,1,0,0,0,0,1,1,1,1,NA,0
2017,542,0.32383832546862207,30,2,0,3,0,1,1,0,1,0,1,0,1,1,1,1,1,NA,2
2017,544,0.5274389217994272,30,0,0,2,0,1,1,0,1,0,0,0,1,1,1,1,1,NA,4
2017,545,1.0548778435988544,32,1,1,1,4,1,1,0,1,0,1,0,0,1,0,1,1,NA,3
2017,547,0.3924854977481907,32,1,0,4,4,1,1,0,1,0,0,0,1,1,0,0,0,NA,1
2017,548,1.2427787775205685,22,2,0,2,5,1,1,0,1,0,0,0,0,1,0,1,1,NA,0
2017,553,1.3976910633549937,38,0,0,3,0,1,1,0,1,0,0,0,0,1,1,0,0,NA,1
2017,554,0.2860514716047312,37,1,0,1,0,1,1,0,NA,0,0,0,0,1,0,1,1,NA,0
2017,555,0.2860514716047312,32,2,1,4,0,1,1,1,1,0,0,0,1,1,1,1,1,NA,1
2017,558,0.7676031932734615,45,1,1,0,0,1,1,0,1,1,3,3,0,1,0,1,1,NA,1
2017,566,0.2860514716047312,35,2,1,3,4,1,1,1,1,0,3,0,1,1,1,0,1,NA,1
2017,567,0.47854938962587246,35,1,0,1,1,1,1,0,NA,0,0,0,0,1,1,0,0,NA,0
2017,571,0.32383832546862207,34,2,1,4,3,1,1,1,1,0,1,0,NA,1,1,0,1,NA,2
2017,573,1.5510460226474918,28,1,0,1,3,1,1,0,1,0,1,0,0,1,1,1,1,NA,0
2017,576,0.31514344007227757,16,1,0,0,0,1,1,0,1,0,1,0,0,1,0,1,0,NA,0
2017,577,0.49184955317374596,34,1,0,3,0,0,0,0,0,0,0,0,NA,1,0,NA,NA,0,1
2017,578,0.2860514716047312,35,2,1,4,3,1,1,0,1,0,0,0,1,1,1,1,1,NA,2
2017,579,0.5248028287024007,28,2,1,4,0,1,1,1,1,0,0,0,1,1,0,1,1,NA,3
2017,580,0.2860514716047312,38,2,0,1,0,1,1,0,1,0,0,0,1,1,1,1,1,NA,3
2017,583,1.1072908183977073,99,1,0,1,0,0,0,0,0,0,0,0,NA,1,0,NA,NA,6,0
2017,586,0.8091156681082531,26,1,0,2,2,1,1,0,1,0,1,0,NA,0,0,NA,NA,NA,1
2017,587,0.3166732709364046,48,2,1,4,3,1,1,0,1,0,0,0,0,1,1,1,1,NA,2
2017,594,1.0548778435988544,30,1,0,2,0,1,1,0,1,0,1,0,0,1,0,0,1,NA,0
2017,597,1.3876194085818658,54,NA,0,4,0,1,1,0,NA,0,0,0,0,1,1,1,0,NA,0
2017,598,1.8223554408956406,47,0,0,1,0,1,1,0,1,1,1,1,NA,1,0,NA,NA,2,3
2017,599,0.7346023971212534,17,1,1,1,0,1,1,0,1,0,1,0,NA,1,1,NA,NA,0,2
2017,600,0.6188508928197672,21,1,0,4,0,1,1,0,1,0,0,0,1,1,0,1,1,NA,1
2017,602,0.9836991063474919,37,1,0,1,0,1,1,0,1,0,1,0,0,1,1,1,0,NA,2
2017,603,0.34307633413587996,28,2,0,2,0,1,1,0,1,0,0,0,0,0,0,0,1,NA,0
2017,605,0.5956589693894226,40,1,0,3,0,1,1,0,1,0,0,0,0,1,0,1,1,NA,0
2017,607,2.9536587195081534,16,1,0,3,5,0,0,0,0,0,3,0,NA,0,0,NA,NA,7,1
2017,609,2.475403571279069,27,0,0,3,0,1,1,0,1,0,0,0,0,1,1,1,1,NA,4
2017,611,0.992016739004525,99,1,0,3,0,0,0,0,0,0,NA,0,NA,1,0,NA,NA,1,1
2017,612,1.535206386546923,49,1,1,3,0,1,1,0,1,1,1,1,0,1,0,1,1,NA,1
2017,613,1.2377017856395345,29,1,0,3,0,1,1,0,1,0,0,0,NA,1,0,NA,NA,5,3
2017,614,1.5510460226474918,28,1,0,4,0,1,1,0,1,0,1,0,0,1,0,1,1,NA,1
2017,615,1.2513573579757358,32,1,0,2,0,1,1,0,1,0,1,0,1,0,0,0,0,NA,1
2017,617,0.2860514716047312,42,1,1,1,0,1,1,0,1,0,1,0,NA,1,0,NA,NA,5,0
2017,622,0.2860514716047312,36,2,1,4,2,1,1,0,1,0,0,0,1,1,0,1,1,NA,4
2017,624,2.9536587195081534,24,1,0,0,2,1,1,0,1,0,1,0,NA,0,0,NA,NA,5,1
2017,630,0.9836991063474919,30,1,1,0,0,1,1,0,1,0,1,0,1,1,0,0,1,NA,1
2017,633,1.879588129758262,60,1,0,3,2,1,1,0,1,1,1,1,NA,0,0,NA,NA,1,0
2017,636,0.49184955317374596,32,1,1,4,3,1,1,1,1,0,1,0,1,1,0,1,1,NA,1
2017,638,0.462539802860622,53,1,0,2,0,1,1,0,1,1,0,1,0,1,1,0,1,NA,1
2017,639,0.2860514716047312,31,2,1,4,3,1,1,1,1,0,0,0,1,1,1,1,1,NA,1
2017,641,0.31514344007227757,22,1,0,3,2,1,1,1,1,0,0,0,1,1,1,1,1,NA,1
2017,642,2.494915477408685,20,1,1,1,0,1,1,1,1,0,1,0,1,1,1,1,1,NA,1
2017,643,0.5883939325871703,80,0,0,0,0,1,1,0,1,0,1,0,0,0,0,0,0,NA,0
2017,645,1.1072908183977073,66,0,0,1,0,1,1,0,NA,1,0,3,NA,1,0,0,1,NA,1
2017,647,0.31514344007227757,27,2,0,0,1,1,1,0,1,0,0,0,NA,1,0,1,1,NA,2
2017,648,0.2860514716047312,57,1,1,3,3,1,1,0,1,0,1,0,0,1,0,1,1,NA,3
2017,650,0.62817226765933,23,2,0,2,0,1,1,1,1,0,1,0,NA,1,0,0,1,NA,2
2017,652,0.2860514716047312,34,2,0,4,1,1,1,1,1,0,0,0,1,1,1,1,1,NA,0
2017,654,1.879588129758262,50,0,1,1,2,1,1,0,NA,0,0,0,0,1,1,1,1,NA,0
2017,658,1.0873244949086973,16,0,0,0,0,0,0,0,0,0,3,0,NA,0,0,NA,NA,5,0
2017,660,0.5311963576460116,30,2,0,3,0,0,0,0,0,0,0,0,NA,1,0,NA,NA,5,2
2017,661,0.2860514716047312,46,1,1,1,0,0,0,0,0,0,0,0,NA,1,0,NA,NA,2,0
2017,662,1.535206386546923,45,1,0,4,3,1,1,1,1,0,1,0,1,1,1,1,1,NA,0
2017,665,1.3976910633549937,36,0,1,3,0,1,1,0,1,0,3,0,0,1,0,1,0,NA,2
2017,666,0.6430679577945171,34,0,1,3,0,0,0,0,0,0,0,0,NA,1,0,NA,NA,2,1
2017,667,2.9536587195081534,17,1,0,0,2,1,1,0,NA,0,0,0,NA,1,0,1,1,NA,0
2017,668,0.3690969394659024,50,1,0,4,0,1,1,0,1,1,1,1,0,1,0,0,1,NA,1
2017,669,1.4763877578636095,50,1,1,1,2,1,1,0,1,1,1,1,0,1,0,1,1,NA,3
2017,670,0.31514344007227757,20,1,0,3,0,1,1,0,1,0,1,0,0,1,1,1,1,NA,3
2017,671,1.8718451597493655,45,1,1,3,0,1,1,0,1,0,1,0,0,1,1,0,1,NA,1
2017,673,0.992016739004525,65,0,0,2,0,1,1,0,1,0,0,0,0,1,1,0,1,NA,3
2017,676,1.0548778435988544,30,1,0,3,0,1,1,0,1,0,1,0,0,1,0,1,1,NA,4
2017,678,1.3976910633549937,31,1,0,0,0,1,1,0,1,0,1,0,NA,1,0,1,1,NA,1
2017,680,0.2860514716047312,49,1,1,3,2,1,1,0,1,0,1,0,NA,1,0,NA,NA,1,0
2017,681,1.5054024590743398,40,1,0,1,0,1,1,0,1,0,1,0,NA,0,0,NA,NA,0,0
2017,682,0.31514344007227757,29,2,0,4,0,0,0,0,0,0,2,0,NA,1,0,NA,NA,5,2
2017,683,0.2860514716047312,36,1,1,1,3,1,1,1,1,0,1,0,NA,1,0,0,0,NA,1
2017,684,0.8316384924695615,24,1,0,2,0,1,1,0,NA,0,0,0,NA,1,0,0,0,NA,2
2017,685,0.2860514716047312,45,1,0,1,2,1,0,1,1,0,0,0,NA,1,0,NA,NA,5,1
2017,686,0.9317940422366628,32,1,0,2,0,1,1,1,1,0,1,0,1,1,1,1,1,NA,0
2017,687,0.4679612899373414,45,0,1,1,3,1,1,1,1,0,0,0,1,1,0,1,1,NA,1
2017,689,0.4971115110082274,28,2,0,4,0,1,1,1,1,0,1,0,1,1,1,1,1,NA,3
2017,692,0.2860514716047312,33,2,0,1,1,1,1,1,1,0,1,0,1,1,1,1,1,NA,3
2017,693,1.5510460226474918,29,1,0,2,0,1,1,1,1,0,0,0,1,1,1,1,1,NA,3
2017,694,0.2860514716047312,39,2,0,4,0,1,1,0,1,1,1,1,0,1,0,1,1,NA,1
2017,696,0.7545519993157275,17,1,0,0,0,1,1,0,1,0,0,0,0,1,1,1,0,NA,0
2017,698,0.2860514716047312,30,2,1,4,0,1,1,0,1,0,0,0,NA,1,1,1,1,NA,1
2017,700,0.9836991063474919,32,1,0,2,0,1,1,0,1,0,1,0,0,1,1,1,1,NA,1
2017,701,1.814240906624468,54,1,0,4,0,0,0,0,0,0,0,0,NA,0,0,NA,NA,1,0
2017,703,0.2860514716047312,30,2,1,3,0,1,1,1,1,0,1,0,1,1,1,1,1,NA,1
2017,704,0.2860514716047312,30,2,1,0,0,1,1,1,1,0,1,0,NA,1,0,NA,NA,6,0
2017,705,0.8375630235457737,27,2,1,2,2,1,1,0,1,0,1,0,1,1,1,1,1,NA,0
2017,706,1.9238687278505078,46,1,1,2,1,1,1,1,1,0,1,0,1,1,1,1,1,NA,0
2017,707,0.44473314836077343,99,2,1,3,1,1,1,0,1,0,2,0,0,1,0,0,0,NA,0
2017,709,1.3876194085818658,55,1,1,3,0,1,1,0,1,0,1,0,NA,1,0,NA,NA,6,1
2017,710,0.35692227578857944,31,2,0,2,0,0,0,0,0,0,3,0,NA,1,1,NA,NA,7,NA
2017,712,0.31514344007227757,21,2,0,4,2,1,1,0,1,0,0,0,1,1,1,1,1,NA,0
2017,714,0.9865378754920365,25,1,0,1,0,1,1,0,1,0,1,0,1,1,0,0,0,NA,1
2017,715,0.43813380516643485,57,1,0,4,0,1,1,0,1,0,1,0,1,1,1,1,1,NA,1
2017,719,0.6895992242227059,35,1,0,2,0,1,1,0,1,0,1,0,0,1,0,1,1,NA,1
2017,725,2.9536587195081534,18,1,1,3,0,0,0,0,0,0,0,0,NA,1,0,NA,NA,5,1
2017,726,0.41878151177288686,23,2,1,2,1,1,1,1,1,0,0,0,1,1,1,0,1,NA,2
2017,728,0.41878151177288686,29,2,1,3,3,1,1,1,1,0,1,0,NA,1,1,1,1,NA,4
2017,729,0.31514344007227757,23,2,1,4,2,1,1,1,1,0,1,0,1,1,0,1,1,NA,3
2017,732,0.4500322078333389,54,1,0,4,0,1,1,0,1,1,0,1,0,1,0,0,1,NA,1
2017,733,0.45558886022391015,41,1,0,4,0,0,0,0,0,0,0,0,NA,1,1,NA,NA,1,0
2017,734,2.2636559979471818,16,1,0,0,0,1,1,1,1,0,0,0,0,1,1,1,1,NA,0
2017,737,0.31527636317274,30,2,0,1,0,1,1,0,1,0,1,0,0,1,0,1,1,NA,1
2017,738,1.4880251085067875,51,1,1,2,2,1,1,1,1,0,3,0,1,1,0,1,1,NA,3
2017,739,0.4960083695022625,50,1,0,0,0,0,0,0,0,0,0,0,NA,1,0,NA,NA,5,1
2017,740,2.0279127871381624,15,0,0,4,2,1,1,0,1,0,0,0,1,0,1,1,1,NA,0
2017,741,0.31514344007227757,25,1,0,4,1,1,1,1,1,0,0,0,1,1,1,1,1,NA,1
2017,743,0.9570987792517449,34,1,0,3,0,1,1,0,1,0,1,0,1,1,0,1,1,NA,1
2017,744,2.9384095884850137,17,1,0,2,2,0,0,0,0,0,0,0,NA,1,1,NA,NA,NA,0
2017,748,0.31514344007227757,27,2,1,4,3,1,1,0,1,0,0,0,1,1,1,1,1,NA,0
2017,750,0.3249738483215433,25,2,0,2,0,1,1,0,1,0,1,0,0,1,0,1,1,NA,1
2017,751,0.33565296138735284,52,2,0,0,0,1,1,0,1,1,1,1,NA,1,1,1,1,NA,3
2017,752,0.2860514716047312,99,2,0,1,0,1,1,0,NA,0,0,0,0,1,1,0,1,NA,0
2017,753,2.494915477408685,18,1,0,2,2,1,1,0,1,0,0,0,1,1,0,1,1,NA,1
2017,756,0.2964887655738489,99,2,1,0,2,1,1,0,1,0,1,0,NA,1,1,NA,NA,5,2
2017,757,0.9836991063474919,35,1,1,2,0,1,1,0,1,0,0,0,0,1,0,1,1,NA,1
2017,758,2.9536587195081534,17,1,0,2,3,1,1,1,1,0,1,0,1,1,0,0,0,NA,0
2017,764,0.2860514716047312,46,2,1,4,0,1,1,0,1,0,0,0,1,1,1,1,1,NA,2
2017,766,0.3166732709364046,42,2,1,4,3,1,1,1,1,0,1,0,1,1,1,1,1,NA,2
2017,767,0.6188508928197672,16,1,1,4,2,1,1,1,1,0,0,0,0,1,1,1,1,NA,0
2017,768,0.9570987792517449,35,1,0,3,3,1,1,0,1,0,1,0,1,1,1,1,1,NA,3
2017,770,0.2860514716047312,32,1,0,0,0,0,0,0,0,0,0,0,NA,1,0,NA,NA,5,1
2017,771,0.7849709954963814,33,1,0,1,0,1,1,0,1,0,0,0,1,1,1,0,0,NA,1
2017,772,1.9986919526812086,35,1,0,0,0,1,1,0,1,0,1,0,0,1,0,1,1,NA,1
2017,775,0.8316384924695615,20,1,0,0,0,0,0,0,0,0,0,0,NA,1,0,NA,NA,5,0
2017,776,0.3690969394659024,55,0,1,0,0,1,1,0,NA,0,3,0,0,1,0,0,0,NA,1
2017,777,0.2860514716047312,30,1,0,1,0,1,1,0,NA,0,0,0,0,1,0,0,0,NA,1
2017,778,0.5883939325871703,65,0,0,1,0,1,1,0,1,0,1,0,NA,0,0,1,1,NA,0
2017,780,0.2860514716047312,32,2,1,2,1,1,1,0,1,0,0,0,1,1,1,1,1,NA,1
2017,783,0.31514344007227757,26,2,1,2,1,1,1,0,1,0,0,0,1,1,1,1,1,NA,3
2017,785,0.31514344007227757,28,0,0,4,0,1,1,0,1,0,1,0,NA,1,0,NA,NA,NA,1
2017,787,1.8565526784593014,28,0,0,3,1,1,1,0,1,0,1,0,0,1,0,0,0,NA,0
2017,789,1.0873244949086973,22,1,1,3,0,1,1,0,1,0,1,0,0,1,0,1,1,NA,1
2017,790,0.31514344007227757,27,2,0,1,0,1,1,0,1,0,1,0,0,1,0,1,1,NA,1
2017,791,0.5311963576460116,32,2,1,1,0,1,1,1,1,0,1,0,1,1,1,1,1,NA,2
2017,792,0.2860514716047312,35,2,0,1,0,1,1,1,1,0,3,0,1,1,1,1,1,NA,3
2017,794,0.4500322078333389,57,0,0,4,0,1,1,0,1,1,0,1,0,1,0,0,0,NA,4
2017,795,0.2860514716047312,38,2,1,4,1,1,1,1,1,0,0,0,1,1,1,1,1,NA,4
2017,797,0.31514344007227757,24,2,1,4,5,1,1,0,1,0,0,0,1,1,1,1,1,NA,3
2017,798,1.5054024590743398,44,0,0,0,0,1,1,0,1,0,1,0,0,0,0,0,0,NA,1
2017,799,1.0873244949086973,29,0,0,1,0,1,1,0,1,0,1,0,0,1,0,0,0,NA,1
2017,801,0.3690969394659024,69,0,0,4,0,1,1,0,1,1,3,3,0,1,0,0,0,NA,1
2017,802,0.2860514716047312,30,1,1,3,0,1,1,0,1,0,1,0,0,1,0,1,1,NA,4
2017,803,0.2860514716047312,35,2,0,2,0,1,1,0,1,0,1,0,0,1,0,1,0,NA,0
2017,804,2.9536587195081534,17,1,0,1,0,1,1,0,1,0,1,0,1,1,1,1,1,NA,0
2017,806,1.1072908183977073,66,1,0,2,0,1,1,0,1,1,1,1,0,1,0,1,1,NA,4
2017,812,1.2427787775205685,28,2,0,3,0,1,1,0,1,0,1,0,1,1,1,1,1,NA,0
2017,814,0.49184955317374596,36,1,0,4,1,1,1,0,1,0,0,0,0,1,1,1,1,NA,1
2017,815,2.326569033971238,25,1,1,4,0,1,1,0,1,0,3,0,1,1,0,1,1,NA,1
2017,816,0.2860514716047312,50,2,0,4,0,1,1,1,1,1,0,3,0,1,0,1,1,NA,0
2017,818,1.9544700811243398,42,1,1,2,0,1,1,0,1,0,0,0,NA,1,1,NA,NA,1,2
2017,820,0.48096718196262694,45,1,1,4,1,1,1,0,1,0,0,0,NA,1,1,NA,NA,3,1
2017,822,2.8813643944137906,18,1,1,0,0,1,1,0,1,0,1,0,0,0,0,1,1,NA,0
2017,828,0.4658970211183314,31,1,0,4,2,1,1,1,1,0,0,0,1,1,0,1,0,NA,1
2017,829,0.4695067587634183,56,2,1,4,0,1,1,1,1,0,1,0,1,1,0,1,1,NA,1
2017,830,1.8001288313333557,54,1,0,2,2,1,1,0,1,0,NA,0,0,1,0,1,1,NA,2
2017,833,0.30830074553519543,47,2,1,0,3,1,1,1,1,1,1,1,1,1,1,1,1,NA,3
2017,834,1.663276984939123,26,1,0,1,3,1,1,0,1,0,0,0,0,1,0,NA,NA,NA,0
2017,835,0.9619343639252539,46,0,0,1,0,1,1,0,1,0,3,0,0,1,0,0,0,NA,3
2017,839,1.0548778435988544,31,0,1,0,4,1,1,0,1,0,1,0,0,1,0,1,1,NA,1
2017,845,0.31514344007227757,25,2,0,1,0,1,1,0,1,0,0,0,1,1,0,0,1,NA,1
2017,847,0.9619343639252539,40,1,0,4,1,1,1,1,1,1,1,1,1,1,1,1,1,NA,1
2017,848,2.9536587195081534,24,1,1,2,0,1,1,1,1,0,1,0,1,1,1,1,1,NA,3
2017,849,0.8375630235457737,21,2,0,0,1,1,1,0,1,0,0,0,1,1,1,1,1,NA,0
2017,850,0.5106115716257416,27,2,0,4,3,1,1,1,1,0,1,0,1,1,0,1,1,NA,3
2017,851,0.7881909079318503,37,2,1,2,2,0,0,0,0,0,0,0,NA,1,1,NA,NA,NA,1
2017,856,1.3876194085818658,65,1,0,4,0,1,1,0,1,0,2,0,0,1,1,1,1,NA,4
2017,858,1.9141975585034898,35,1,1,0,0,1,1,0,1,0,1,0,0,1,1,0,1,NA,1
2017,860,0.2860514716047312,33,2,1,2,0,1,1,0,1,0,1,0,NA,1,1,0,1,NA,4
2017,863,0.33283865602001916,36,2,0,4,3,1,1,1,1,0,0,0,1,1,1,1,1,NA,0
2017,865,1.9544700811243398,44,1,1,0,0,1,1,0,1,0,1,0,0,1,0,1,1,NA,2
2017,868,0.8316384924695615,25,0,0,1,0,1,1,0,1,0,0,0,0,1,0,1,1,NA,1
2017,869,0.31514344007227757,21,2,0,4,0,1,1,0,1,0,0,0,1,1,1,1,1,NA,0
2017,872,0.7849709954963814,37,1,0,3,3,1,1,0,1,0,1,0,NA,1,1,NA,NA,6,4
2017,873,0.31527636317274,31,2,0,0,5,1,1,0,1,0,1,0,0,1,1,1,1,NA,3
2017,874,0.7545519993157275,21,0,0,0,0,1,1,0,1,0,0,0,0,1,0,0,0,NA,1
2017,875,0.462451118302793,40,2,1,4,0,1,1,0,1,0,1,0,0,1,1,1,1,NA,0
2017,878,0.992016739004525,63,1,0,4,5,1,1,0,1,0,1,0,1,1,1,1,1,NA,4
2017,880,0.4971115110082274,27,2,0,2,0,1,1,0,1,0,1,0,1,1,1,1,1,NA,2
2017,881,1.3667665806717302,42,1,0,4,0,1,1,0,1,0,3,0,1,1,1,1,1,NA,1
2017,884,0.8510821998472936,43,2,1,4,0,1,1,0,1,0,0,0,0,0,0,1,1,NA,1
2017,885,2.8813643944137906,16,1,0,4,0,1,1,0,1,0,0,0,1,0,1,1,0,NA,0
2017,886,0.7881909079318503,33,2,0,0,0,1,1,1,1,0,0,0,1,1,1,1,1,NA,0
2017,888,0.3337991652862415,26,2,0,0,0,1,1,0,1,0,0,0,1,1,0,0,0,NA,1
2017,889,0.6656773120400383,32,2,0,1,NA,1,1,0,1,0,1,0,0,1,1,1,1,NA,4
2017,890,1.9544700811243398,45,1,0,2,4,1,1,1,1,0,1,0,1,1,0,1,1,NA,4
2017,891,1.9986919526812086,30,1,0,2,0,1,1,0,1,0,1,0,1,1,0,1,1,NA,1
2017,892,0.4971115110082274,24,2,0,1,0,1,1,1,1,0,1,0,1,1,1,1,1,NA,1
2017,893,0.31527636317274,37,2,1,4,3,1,1,0,1,0,0,0,1,1,1,1,1,NA,2
2017,894,2.494915477408685,19,1,0,2,2,1,1,1,1,0,0,0,0,1,0,1,1,NA,0
2017,895,0.48257523781199585,76,0,0,4,2,1,1,0,1,1,1,1,1,1,0,1,1,NA,0
2017,898,0.2860514716047312,36,2,0,1,0,1,1,0,1,0,1,0,1,1,1,1,0,NA,1
2017,899,0.6895992242227059,30,1,1,1,0,1,1,0,1,0,1,0,1,1,0,0,0,NA,0
2017,902,1.4692047942425068,23,1,1,2,0,1,1,1,1,0,1,0,NA,1,0,NA,NA,5,3
2017,903,0.2860514716047312,33,2,0,2,0,1,1,0,1,0,0,0,1,1,1,1,1,NA,0
2017,905,0.31514344007227757,27,2,0,4,0,1,1,0,1,0,1,0,NA,1,1,NA,NA,0,1
2017,909,0.4658970211183314,33,1,0,1,3,0,0,0,0,0,0,0,NA,1,0,NA,NA,5,1
2017,910,1.0263091462512115,30,1,0,4,0,1,1,0,1,0,1,0,NA,0,0,NA,NA,1,1
2017,911,1.9544700811243398,41,1,1,0,2,1,1,1,1,0,1,0,1,1,1,1,1,NA,3
2017,913,1.9986919526812086,33,NA,0,3,0,1,1,0,1,0,3,0,0,1,0,1,1,NA,1
2017,915,1.5473073640406303,43,1,0,2,0,0,0,0,0,0,0,0,NA,1,0,NA,NA,5,0
2017,916,1.663276984939123,29,1,0,1,5,0,0,0,0,0,0,0,NA,1,0,NA,NA,6,2
2017,917,0.5194434223986433,47,2,0,4,1,1,1,0,1,0,0,0,0,1,1,1,1,NA,2
2017,918,1.4692047942425068,19,1,0,4,2,1,1,0,1,0,1,0,0,1,1,1,1,NA,1
2017,921,1.0212231432514831,26,2,0,1,0,1,1,0,1,0,1,0,1,1,1,1,1,NA,3
2017,923,0.2860514716047312,32,2,1,3,0,1,1,0,1,0,1,0,NA,1,0,NA,NA,1,1
2017,926,2.9536587195081534,16,1,0,1,2,1,1,1,1,0,1,0,NA,1,1,NA,NA,5,1
2017,927,0.9619343639252539,46,0,1,4,0,1,1,0,1,0,1,0,0,1,0,0,0,NA,3
2017,928,0.31514344007227757,27,1,0,1,0,0,0,0,0,0,0,0,NA,1,0,NA,NA,NA,0
2017,929,0.49184955317374596,30,1,0,2,0,1,1,0,1,0,0,0,0,1,0,0,1,NA,1
2017,931,0.7849709954963814,35,1,0,2,1,1,1,0,1,0,1,0,0,1,1,0,0,NA,0
2017,932,2.0279127871381624,28,1,0,1,0,1,1,0,1,0,1,0,NA,0,0,NA,NA,1,3
2017,934,2.2038071913637594,16,1,0,3,3,1,1,0,1,0,0,0,NA,1,1,NA,NA,NA,0
2017,935,1.9141975585034898,37,1,1,4,2,1,1,0,1,0,3,0,1,1,1,1,1,NA,0
2017,936,0.9865378754920365,28,1,0,1,0,1,1,0,1,0,0,0,1,1,0,0,1,NA,0
2017,937,0.38380159663673075,45,1,0,4,2,1,1,0,1,0,0,0,NA,1,0,NA,NA,NA,1
2017,938,1.3976910633549937,34,1,1,0,4,1,1,0,1,0,1,0,0,1,1,0,1,NA,2
2017,940,0.6256786789878679,31,1,0,3,1,0,0,0,0,0,0,0,NA,1,0,NA,NA,1,0
2017,943,0.2860514716047312,43,2,1,4,3,1,1,1,1,0,0,0,1,1,1,1,1,NA,0
2017,946,1.4880251085067875,55,0,0,1,0,1,1,0,1,1,1,1,0,1,0,1,1,NA,2
2017,947,0.31514344007227757,15,0,1,3,0,1,1,0,NA,0,2,0,0,1,0,1,1,NA,1
2017,949,0.38380159663673075,44,1,0,2,0,1,1,0,1,0,0,0,0,1,0,1,1,NA,4
2017,950,0.7659173574386122,25,2,1,3,0,1,1,0,1,0,1,0,1,1,0,1,1,NA,1
2017,951,0.6493042779983037,48,2,0,2,0,1,1,0,1,0,0,0,0,1,0,1,1,NA,4
2017,952,2.9384095884850137,21,1,0,1,0,0,0,0,0,0,0,0,NA,1,1,NA,NA,6,1
2017,954,1.5473073640406303,49,1,0,2,0,1,1,0,1,0,1,0,1,1,0,1,1,NA,1
2017,956,0.31514344007227757,24,2,0,4,2,1,1,0,1,0,0,0,0,1,1,1,1,NA,1
2017,959,0.38380159663673075,46,1,0,4,1,1,1,0,1,1,0,1,1,1,1,1,1,NA,4
2017,961,0.925079605721244,63,1,0,4,1,1,1,0,1,1,0,1,0,1,0,0,0,NA,0
2017,964,1.0315382426937536,40,0,0,1,0,1,1,0,1,0,1,0,1,1,0,1,1,NA,1
2017,965,0.4695067587634183,69,2,0,0,1,1,1,1,1,1,0,1,1,1,1,1,1,NA,0
2017,969,0.5274389217994272,32,1,0,2,0,1,1,0,1,0,0,0,0,1,0,1,1,NA,1
2017,970,0.8391324034683821,52,2,0,0,1,1,1,1,1,0,0,0,1,1,1,1,1,NA,2
2017,972,0.9000644156666778,99,NA,0,0,5,1,1,0,NA,0,0,0,0,1,1,0,1,NA,1
2017,974,0.2860514716047312,99,2,1,4,0,1,1,0,1,0,0,0,0,1,1,1,0,NA,0
2017,975,0.9651504756239917,64,1,0,2,0,1,1,0,1,1,1,1,0,0,0,1,1,NA,0
2017,976,0.3254744655173589,40,2,1,0,0,1,1,1,1,0,0,0,1,1,1,1,1,NA,3
2017,982,0.6476766509372441,31,2,1,3,0,1,1,0,1,0,0,0,0,1,0,1,1,NA,3
2017,983,0.4960083695022625,55,0,0,4,2,1,1,0,1,0,1,0,0,1,0,1,1,NA,2
2017,984,0.2860514716047312,37,2,1,4,1,1,1,0,1,0,0,0,0,1,1,1,1,NA,2
2017,985,0.5274389217994272,36,1,0,4,0,1,1,0,1,0,1,0,0,1,1,1,1,NA,1
2017,988,0.9836991063474919,32,0,0,0,2,1,1,1,1,0,1,0,1,1,1,1,1,NA,3
2017,990,2.326569033971238,20,1,0,0,2,1,1,0,1,0,0,0,0,1,0,1,1,NA,0
2017,991,0.562776638388657,28,2,1,2,0,1,1,1,1,0,1,0,1,1,1,1,1,NA,1
2017,992,0.7849709954963814,34,0,0,1,0,1,1,0,1,0,1,0,1,1,0,0,0,NA,2
2017,994,0.5106115716257416,26,2,1,2,3,1,1,1,1,0,1,0,1,1,1,1,1,NA,1
2017,996,1.4356481688776173,30,0,0,3,0,1,1,0,1,0,1,0,0,1,0,1,1,NA,1
2017,997,0.49954189642025215,65,2,0,2,4,1,1,0,1,1,1,1,1,1,0,1,1,NA,3
2017,1002,0.31527636317274,37,2,1,2,3,1,1,1,1,0,0,0,1,1,0,1,1,NA,2
2021,3,1.4529221763761,26,2,1,2,4,1,1,0,1,0,0,0,1,1,1,1,0,NA,0
2021,6,0.663150639204212,40,1,0,0,1,1,1,0,1,0,1,0,0,1,1,1,1,NA,3
2021,7,1.21628530349557,18,1,1,4,2,0,0,0,0,0,0,0,NA,1,0,NA,NA,6,0
2021,8,0.906712137752426,65,0,1,0,4,1,1,0,1,1,0,3,0,1,0,0,0,NA,0
2021,9,0.957694409042235,24,1,0,1,2,1,1,0,1,0,1,0,1,1,0,1,1,NA,1
2021,12,0.807443148634791,17,1,0,4,1,1,1,0,1,0,0,0,0,1,0,1,1,NA,0
2021,13,1.78248430252274,21,1,0,4,2,1,1,0,1,0,0,0,0,0,0,1,1,NA,0
2021,14,0.492914412942408,74,0,0,4,2,1,1,0,1,1,1,1,0,1,0,1,1,NA,0
2021,15,0.55650676941071,47,0,0,1,1,1,1,0,1,0,1,0,1,1,1,0,1,NA,0
2021,17,1.00913977073577,57,0,0,0,2,1,1,0,1,0,1,0,NA,0,0,NA,NA,3,1
2021,18,0.585493104962372,63,0,0,4,2,1,1,0,1,0,0,0,0,1,0,1,0,NA,4
2021,19,0.304363756797461,62,0,0,4,1,1,1,0,1,1,1,1,0,1,1,1,1,NA,1
2021,20,0.562098452749112,51,0,0,4,1,1,1,0,1,0,0,0,1,1,1,0,1,NA,0
2021,21,0.553155422985767,42,1,0,3,1,1,1,1,1,0,3,0,1,1,1,1,1,NA,0
2021,22,1.22075641199787,22,1,0,4,2,1,1,0,1,0,0,0,1,1,1,1,1,NA,1
2021,24,0.867147490298077,42,0,0,0,4,1,1,0,1,0,1,0,0,1,0,0,0,NA,3
2021,25,0.553155422985767,43,1,0,4,0,1,1,0,1,1,1,1,1,1,0,0,1,NA,0
2021,26,1.12849943846652,35,2,1,4,3,1,1,1,1,0,0,0,1,1,0,1,1,NA,1
2021,27,0.38301857123784,49,2,1,4,1,1,1,1,1,0,1,0,1,1,1,1,1,NA,2
2021,29,0.761627846792223,69,0,0,1,0,0,0,0,0,0,3,0,NA,1,0,NA,NA,5,0
2021,31,0.735249453264775,38,1,0,0,6,1,1,0,1,0,0,0,0,1,0,0,1,NA,0
2021,34,1.89356855319172,15,0,0,2,1,1,1,0,1,0,0,0,1,1,1,1,0,NA,0
2021,36,0.483916949434937,42,2,0,2,1,1,1,0,1,0,1,0,1,1,1,1,1,NA,2
2021,37,1.46422586123045,39,1,1,0,4,1,1,0,NA,0,0,0,0,1,1,0,0,NA,0
2021,40,1.45957001930569,39,2,0,1,6,1,1,0,1,0,1,0,1,1,0,0,0,NA,2
2021,42,0.549863894385672,40,1,0,1,2,0,0,0,0,0,0,0,NA,1,0,NA,NA,1,1
2021,43,0.951964676627911,15,1,0,2,2,1,1,0,1,0,0,0,1,1,1,1,1,NA,0
2021,45,1.08505416392648,35,1,0,3,4,1,1,1,1,0,1,0,1,1,1,1,1,NA,1
2021,46,0.648948517090567,22,1,0,2,1,1,1,0,1,0,1,0,1,1,1,1,1,NA,2
2021,47,1.08132599838148,36,1,0,1,4,1,1,0,1,0,0,0,0,1,1,0,1,NA,1
2021,48,0.497116617573888,63,2,0,4,2,1,1,0,1,1,0,1,0,1,1,0,0,NA,0
2021,51,1.22957071818259,30,2,1,4,1,1,1,0,1,0,0,0,1,1,0,1,1,NA,3
2021,52,0.744765680518245,45,0,1,0,4,1,1,0,NA,0,3,0,0,1,1,0,0,NA,4
2021,55,0.949945092234224,34,1,0,2,6,1,1,0,1,0,0,0,0,1,0,1,0,NA,0
2021,56,1.16385671416796,25,1,1,2,1,1,1,0,1,0,0,0,1,1,1,1,1,NA,0
2021,59,1.3629370771471,26,1,1,2,2,1,1,0,1,0,0,0,1,0,0,0,1,NA,1
2021,61,0.743463570949164,29,1,0,2,2,1,1,0,1,0,0,0,NA,1,1,NA,NA,5,1
2021,65,0.991275209489569,20,1,0,0,5,1,1,0,1,0,1,0,1,1,1,1,1,NA,0
2021,66,0.407949219712598,59,0,0,4,0,0,0,0,0,0,0,0,NA,1,0,NA,NA,5,0
2021,70,0.567922485289391,40,2,1,4,3,1,1,0,1,0,0,0,1,1,1,0,1,NA,0
2021,71,0.673460682491819,55,0,0,1,2,1,1,0,1,0,0,0,0,1,1,1,1,NA,0
2021,72,0.886600104255581,22,2,0,2,2,1,1,0,NA,0,0,0,0,1,1,0,0,NA,0
2021,73,0.799421707962695,40,0,1,1,4,1,1,0,1,0,1,0,0,1,0,1,1,NA,3
2021,74,1.35191698410209,17,1,0,2,2,0,0,0,0,0,0,0,NA,1,0,NA,NA,3,0
2021,76,0.682052748099505,28,2,0,2,2,1,1,0,1,0,1,0,0,1,0,0,0,NA,3
2021,77,0.304363756797461,61,0,0,0,5,1,1,0,1,0,1,0,0,1,0,1,1,NA,1
2021,80,0.957694409042235,21,1,1,1,2,1,1,0,NA,0,0,0,0,1,0,0,0,NA,0
2021,86,0.755846601116555,29,2,1,2,1,1,1,0,1,0,1,0,0,1,1,0,0,NA,0
2021,88,0.737100261502171,53,2,0,4,1,1,1,0,1,0,0,0,0,1,1,1,0,NA,0
2021,90,0.94336158931076,18,1,0,3,2,1,1,1,1,0,0,0,1,1,0,1,1,NA,4
2021,92,0.475420453405994,51,1,0,4,2,1,1,0,1,0,1,0,0,1,1,1,1,NA,1
2021,93,0.437395351738078,50,1,1,4,3,1,1,0,1,0,1,0,1,1,0,1,1,NA,2
2021,96,1.1139845300123,35,2,1,4,1,1,1,0,1,1,0,1,1,1,1,1,1,NA,0
2021,97,0.786065622071648,25,1,0,1,5,1,1,0,1,0,3,0,1,1,1,0,1,NA,1
2021,98,0.790988985626268,53,1,0,4,1,1,1,0,1,0,1,0,NA,1,1,NA,NA,5,0
2021,100,0.673460682491819,64,0,0,1,4,0,0,0,0,0,0,0,NA,1,0,NA,NA,2,0
2021,103,0.54757061612137,49,1,0,0,3,0,0,0,0,0,0,0,NA,1,0,NA,NA,1,0
2021,106,1.0999203157811,21,2,1,4,2,1,1,0,1,0,0,0,1,1,0,1,1,NA,0
2021,107,1.09915631163303,39,1,1,1,6,1,1,0,1,0,0,0,0,1,1,1,1,NA,4
2021,109,0.498814312969021,50,2,0,2,2,1,1,0,1,0,0,0,1,1,0,1,1,NA,0
2021,111,0.954212455881476,36,1,0,3,2,1,1,0,1,0,1,0,0,1,1,0,1,NA,1
2021,112,0.487040322535693,46,1,1,2,1,1,1,0,1,0,1,0,1,1,1,1,1,NA,1
2021,114,1.27702969396366,33,2,1,2,2,1,1,1,1,0,1,0,1,1,1,0,1,NA,4
2021,122,0.72790350664341,39,1,1,1,6,1,1,0,1,0,1,0,0,1,0,0,1,NA,1
2021,123,0.852019126561579,50,0,1,1,4,1,1,0,1,0,2,0,0,1,0,0,1,NA,2
2021,124,0.792209155533739,32,2,1,0,1,1,1,0,1,0,3,0,0,1,1,0,1,NA,1
2021,126,0.337023579247442,60,1,0,3,5,1,1,0,NA,0,0,0,0,1,0,1,1,NA,0
2021,127,0.673460682491819,61,0,0,4,2,1,1,0,NA,0,0,0,0,1,0,0,0,NA,0
2021,135,1.41514344273443,19,1,1,1,2,1,1,0,1,0,3,0,0,1,0,1,1,NA,1
2021,137,1.05702961923813,17,1,1,3,2,0,0,0,0,0,0,0,NA,1,0,NA,NA,2,0
2021,139,1.4529221763761,22,2,1,1,2,1,1,1,1,0,3,0,1,1,0,1,1,NA,1
2021,140,1.1156002363569,49,0,1,2,0,0,0,0,0,0,0,0,NA,1,0,NA,NA,5,0
2021,143,0.515377591133649,56,1,0,2,3,1,1,0,1,1,1,1,1,1,1,1,1,NA,2
2021,145,1.4529221763761,27,2,0,3,1,1,1,0,1,0,0,0,0,1,1,1,1,NA,4
2021,146,0.949206994695014,36,2,0,1,5,1,1,0,1,0,0,0,0,1,0,0,1,NA,2
2021,151,1.26604277119753,32,1,0,0,2,1,1,0,1,0,0,0,0,0,0,0,0,NA,4
2021,154,0.635524911565647,44,1,0,0,2,0,0,0,0,0,0,0,NA,1,0,NA,NA,0,0
2021,155,0.849627538715994,34,1,0,1,4,1,1,0,1,0,0,0,0,1,0,0,0,NA,0
2021,156,0.61333343691143,41,1,0,2,2,1,1,0,1,0,0,0,0,1,0,0,0,NA,1
2021,157,0.755846601116555,27,2,0,4,1,1,1,0,1,0,0,0,1,1,1,1,1,NA,1
2021,159,0.587611668446299,45,0,1,3,3,1,1,0,1,0,1,0,NA,1,1,NA,NA,5,0
2021,160,0.647192677324807,40,2,1,4,3,1,1,0,1,0,1,0,1,1,0,1,1,NA,3
2021,161,1.21154104245959,18,1,1,3,2,1,1,0,1,0,1,0,1,1,1,1,1,NA,0
2021,163,1.23998443337487,50,0,0,1,2,1,1,0,1,0,1,0,NA,1,0,NA,NA,1,1
2021,165,0.985028035709519,30,2,0,3,2,1,1,0,1,0,2,0,1,1,0,1,1,NA,1
2021,166,2.84348082206135,20,0,0,2,1,1,1,0,NA,0,3,0,0,0,1,0,0,NA,0
2021,168,0.957663212195337,25,1,0,2,1,1,1,0,1,0,0,0,1,1,1,0,1,NA,0
2021,169,0.571821845163763,59,2,0,4,1,1,1,0,1,1,0,1,1,1,1,1,1,NA,2
2021,170,0.56036288422897,47,1,0,3,2,0,0,0,0,0,0,0,NA,1,0,NA,NA,5,0
2021,171,0.949206994695014,35,2,1,3,1,1,1,0,NA,0,0,0,0,1,1,1,1,NA,0
2021,172,1.15097471887008,39,1,1,1,2,1,1,0,1,0,0,0,1,1,0,1,0,NA,0
2021,178,1.1139845300123,37,2,0,4,2,1,1,1,1,0,0,0,1,1,1,1,1,NA,2
2021,179,0.916997280423462,40,0,0,0,1,1,1,0,1,0,3,0,0,1,1,1,1,NA,0
2021,183,1.16216402829779,43,0,0,1,2,1,1,0,1,0,1,0,1,1,0,0,1,NA,2
2021,185,0.759843711680901,17,1,0,2,1,1,1,0,NA,0,NA,0,0,1,1,0,0,NA,0
2021,186,0.705120569363098,40,1,0,3,2,1,1,0,1,0,0,0,1,1,0,1,1,NA,0
2021,187,0.673460682491819,50,0,0,3,1,0,0,0,0,0,0,0,NA,1,1,NA,NA,5,1
2021,188,0.842057732524697,15,1,1,1,2,1,1,0,1,0,0,0,0,1,0,1,1,NA,1
2021,190,0.97383628314662,39,2,0,3,0,1,1,0,1,0,0,0,1,1,1,1,1,NA,0
2021,194,0.705120569363098,42,1,1,2,4,1,1,0,1,0,0,0,1,1,0,1,1,NA,4
2021,195,0.569898255308493,56,1,0,4,4,1,1,0,1,0,0,0,0,1,1,1,1,NA,1
2021,199,1.01351919112218,18,1,0,0,2,1,1,0,1,0,0,0,1,1,0,1,1,NA,2
2021,201,0.462559910495147,60,0,0,2,2,1,1,0,1,0,1,0,1,1,1,1,1,NA,4
2021,206,0.485844194284956,50,1,0,4,3,1,1,0,1,1,0,1,0,1,1,1,1,NA,0
2021,209,0.967889173286292,16,1,0,1,2,1,1,0,1,0,0,0,1,1,0,1,1,NA,1
2021,210,0.56854559715154,41,1,0,0,2,1,1,0,1,0,1,0,0,1,1,1,1,NA,1
2021,212,2.00964783120906,37,0,1,2,2,1,1,0,1,0,2,0,0,0,1,1,1,NA,1
2021,213,1.34118872445962,47,0,0,1,NA,1,1,0,NA,0,2,0,0,0,0,NA,NA,NA,0
2021,217,0.466386878740138,44,1,0,0,1,1,1,0,1,0,1,0,0,1,1,1,1,NA,4
2021,218,0.572570033825903,42,1,1,0,1,1,1,1,1,0,1,0,1,1,1,1,1,NA,1
2021,226,0.94336158931076,22,1,0,4,1,1,1,1,1,0,0,0,1,1,1,1,1,NA,0
2021,229,1.40508174252781,34,2,1,2,2,1,1,0,1,0,0,0,1,1,0,1,1,NA,3
2021,230,0.909966518670987,20,1,1,4,1,1,1,1,1,0,1,0,1,1,1,1,1,NA,1
2021,231,1.42002296899505,37,2,0,2,3,1,1,0,1,1,1,1,1,1,0,1,1,NA,0
2021,232,0.83409638916075,30,1,1,2,2,1,1,0,1,0,0,0,0,1,1,1,1,NA,4
2021,233,0.761627846792223,59,0,0,4,4,1,1,0,1,1,3,3,1,1,0,1,1,NA,0
2021,234,0.680787354818466,75,0,0,3,0,0,0,0,0,0,0,0,NA,0,0,NA,NA,2,0
2021,236,1.64969543387102,55,0,0,1,2,1,1,0,1,0,3,0,0,1,0,0,1,NA,1
2021,237,0.771551645709116,55,0,1,0,0,1,1,0,1,1,0,1,1,1,0,0,1,NA,3
2021,238,1.09008409810304,34,2,0,0,2,1,1,0,1,0,3,0,0,1,1,1,1,NA,4
2021,240,0.890601185822197,36,1,0,2,1,1,1,0,1,0,3,0,0,1,1,1,1,NA,2
2021,241,1.06184780069402,17,1,0,0,1,1,1,0,NA,0,0,0,0,1,0,0,0,NA,1
2021,242,0.648969945320242,61,0,0,2,2,1,1,0,1,0,0,0,0,1,1,1,0,NA,4
2021,249,0.807443148634791,18,1,0,3,2,1,1,1,1,0,0,0,1,1,1,1,1,NA,0
2021,250,0.761627846792223,73,0,0,4,3,0,0,0,0,0,0,0,NA,1,0,NA,NA,NA,4
2021,251,1.11019312636233,39,2,1,2,3,1,1,0,1,0,0,0,1,1,0,1,1,NA,1
2021,253,0.967432605558074,36,2,1,2,6,1,1,0,1,0,0,0,1,1,1,1,1,NA,3
2021,254,1.09915631163303,34,1,1,2,2,1,1,0,1,0,3,0,1,1,1,1,1,NA,2
2021,255,1.08132599838148,34,1,1,0,2,1,1,0,1,0,1,0,1,1,0,1,1,NA,3
2021,263,0.831597435265154,42,1,0,1,2,1,1,0,1,0,3,0,0,0,0,1,1,NA,1
2021,264,1.14009074383722,15,1,0,3,1,1,1,0,1,0,NA,0,1,1,1,1,1,NA,1
2021,267,2.42072842079837,32,0,0,0,2,0,0,0,0,0,0,0,NA,0,0,NA,NA,5,1
2021,268,0.967432605558074,36,2,0,0,2,1,1,0,1,0,0,0,0,1,0,1,1,NA,0
2021,269,0.602445240392049,47,2,0,2,NA,0,0,0,0,0,0,0,NA,1,0,NA,NA,2,0
2021,272,2.45625362178791,37,1,1,0,1,1,1,0,1,0,0,0,1,1,1,0,1,NA,1
2021,275,0.991275209489569,28,1,0,0,1,1,1,0,1,0,1,0,0,1,1,0,0,NA,0
2021,276,1.17798493541284,61,0,1,2,5,1,1,0,1,1,1,1,0,0,1,1,1,NA,0
2021,277,1.09782885295235,19,1,1,1,1,1,1,0,1,0,0,0,0,1,1,1,1,NA,0
2021,278,0.304363756797461,62,1,0,4,3,1,1,0,1,1,0,1,1,1,0,0,0,NA,0
2021,279,1.10722253435347,17,1,0,0,2,1,1,0,1,0,0,0,1,1,0,1,1,NA,1
2021,281,0.837792491900698,29,2,1,4,2,1,1,1,1,0,0,0,1,1,0,1,1,NA,1
2021,282,1.70091678785851,34,0,1,3,2,1,1,0,1,0,1,0,1,1,0,1,1,NA,4
2021,285,1.09660468702531,32,1,0,0,2,1,1,0,1,0,1,0,0,1,1,1,1,NA,0
2021,289,1.07132030036898,26,1,0,0,3,1,1,0,1,0,1,0,1,1,1,1,1,NA,1
2021,290,0.447898886803593,68,1,0,4,4,1,1,0,1,1,1,1,1,1,0,1,1,NA,2
2021,291,1.26203867071969,49,0,0,4,5,0,0,0,0,0,0,0,NA,0,0,NA,NA,0,0
2021,292,0.761627846792223,50,0,0,2,2,0,0,0,0,0,0,0,NA,1,0,NA,NA,4,0
2021,293,0.852019126561579,50,0,1,0,3,1,1,0,1,0,1,0,1,1,0,1,1,NA,2
2021,297,1.12713654188859,23,2,1,4,3,1,1,0,1,0,0,0,1,1,1,1,1,NA,2
2021,299,1.44844293460191,20,1,1,3,2,1,1,0,1,0,1,0,0,1,0,1,1,NA,4
2021,300,0.373487428325927,86,1,0,4,4,1,1,0,1,0,0,0,0,1,1,0,1,NA,3
2021,301,1.01792654155641,36,2,0,0,6,1,1,0,1,0,0,0,1,1,0,1,1,NA,0
2021,302,0.976819715607819,32,1,0,2,3,1,1,0,1,0,1,0,1,1,0,1,1,NA,2
2021,303,0.867147490298077,45,0,0,0,2,1,1,0,1,0,1,0,0,1,0,1,1,NA,1
2021,304,1.44932184328596,30,0,1,1,3,1,1,1,1,0,0,0,1,1,0,1,1,NA,1
2021,306,0.94336158931076,18,1,0,0,2,1,1,0,1,0,1,0,1,1,0,1,1,NA,1
2021,309,1.0999203157811,27,2,1,0,2,1,1,1,1,0,0,0,1,1,1,1,1,NA,0
2021,310,0.673460682491819,61,0,0,3,1,1,1,0,1,1,1,1,1,1,1,1,1,NA,0
2021,311,0.846802704495028,29,1,1,1,5,0,0,0,0,0,0,0,NA,1,0,NA,NA,1,1
2021,314,0.984307809744946,27,1,0,3,1,1,1,0,1,0,3,0,0,1,1,0,0,NA,3
2021,319,0.429602152870201,61,1,0,1,2,1,1,0,1,0,0,0,0,1,0,1,1,NA,1
2021,320,1.0617398430157,30,1,0,2,1,1,1,0,1,0,1,0,0,1,1,0,1,NA,0
2021,321,0.983261062497106,23,2,1,3,5,1,1,0,1,0,0,0,1,1,0,0,1,NA,1
2021,323,0.696329429654212,36,1,0,3,2,1,1,0,1,0,0,0,1,1,0,1,1,NA,0
2021,327,0.714918671744704,31,2,0,4,1,1,1,0,1,0,0,0,1,1,1,1,1,NA,1
2021,329,1.14534819281853,32,0,0,2,2,1,1,0,1,0,0,0,0,1,0,1,1,NA,0
2021,330,0.516107599682841,52,0,1,1,3,1,1,0,1,0,3,0,0,1,0,1,1,NA,0
2021,333,0.864820644792756,33,2,0,4,1,1,1,0,1,0,0,0,1,1,1,1,1,NA,3
2021,341,0.963536432973777,56,0,0,0,1,1,1,0,1,0,0,0,0,1,1,1,1,NA,0
2021,342,0.96730953532483,50,0,0,2,1,1,1,0,1,0,0,0,0,1,0,1,1,NA,0
2021,345,1.38309967717461,34,1,0,2,2,1,1,0,1,0,1,0,NA,1,0,NA,NA,0,1
2021,346,0.840653773313918,56,0,0,0,2,1,1,0,NA,0,0,0,0,1,1,0,0,NA,3
2021,350,0.651044837737721,45,2,1,3,1,1,1,0,1,0,1,0,1,1,1,1,1,NA,0
2021,352,1.24002734933676,30,2,0,4,5,1,1,0,1,0,0,0,0,1,1,1,1,NA,0
2021,353,0.843199904342594,20,1,1,0,2,1,1,0,NA,0,0,0,0,1,0,0,1,NA,1
2021,354,0.775823915039557,36,1,0,2,2,0,0,0,0,0,0,0,NA,1,0,NA,NA,1,2
2021,356,0.957663212195337,27,1,0,3,2,1,1,0,1,0,0,0,0,1,0,1,1,NA,4
2021,357,0.42536156990966,56,1,0,4,1,1,1,0,1,0,0,0,0,1,0,1,1,NA,0
2021,360,1.48611207228831,28,0,1,0,2,1,1,0,1,0,0,0,1,1,0,0,1,NA,1
2021,362,1.2783344072502,36,0,0,1,4,1,1,0,1,0,0,0,0,1,1,1,1,NA,2
2021,364,0.4713341904719,43,1,0,2,2,1,1,0,1,0,1,0,1,1,1,0,1,NA,1
2021,365,0.669808454811742,54,0,0,2,2,1,1,0,1,0,1,0,0,1,0,1,1,NA,3
2021,367,0.487040322535693,40,1,1,4,2,1,1,0,1,0,0,0,1,1,0,1,1,NA,2
2021,368,1.36157470963693,57,0,0,0,2,1,1,0,1,0,1,0,0,0,0,0,0,NA,3
2021,369,0.461646583537987,50,1,0,2,1,1,1,0,1,0,0,0,0,1,1,1,1,NA,1
2021,370,1.22075641199787,17,1,0,2,2,0,0,0,0,0,0,0,NA,1,0,NA,NA,6,0
2021,372,1.64614019091396,30,2,0,3,2,1,1,0,1,0,0,0,0,1,0,1,0,NA,0
2021,373,0.553173442582659,49,1,0,3,2,1,1,1,1,0,0,0,1,1,0,1,1,NA,4
2021,375,0.304363756797461,63,1,0,4,1,1,1,0,1,1,1,1,1,1,1,1,1,NA,0
2021,376,1.27846062304942,29,1,0,1,6,1,1,0,1,0,1,0,1,1,1,1,1,NA,2
2021,377,0.96526170239229,45,0,0,2,2,0,0,0,0,0,0,0,NA,1,0,NA,NA,1,3
2021,379,0.70005019331496,50,1,0,0,2,1,1,0,NA,0,0,0,0,0,0,0,0,NA,1
2021,380,0.963536432973777,58,0,0,1,2,1,1,0,NA,0,0,0,0,1,0,0,0,NA,3
2021,383,1.66254921223782,30,2,1,3,1,1,1,0,1,0,3,0,1,1,1,1,1,NA,0
2021,390,0.540815489083296,53,1,0,1,2,1,1,0,NA,0,0,0,0,1,0,1,0,NA,1
2021,393,0.513657439614602,55,0,0,3,2,1,1,0,1,0,1,0,0,1,0,1,1,NA,1
2021,394,0.654138180602785,57,0,0,4,2,1,1,0,1,0,1,0,0,1,0,1,1,NA,3
2021,395,0.957694409042235,22,1,1,4,1,1,1,0,1,0,0,0,1,1,1,1,1,NA,0
2021,398,0.747335651727715,38,2,1,3,2,1,1,0,1,0,0,0,1,1,0,1,1,NA,1
2021,399,0.385649820805695,63,0,1,3,0,1,1,0,1,0,1,0,0,1,0,0,1,NA,3
2021,401,0.596681334203371,37,2,0,0,2,1,1,0,1,0,0,0,1,1,0,1,1,NA,1
2021,402,0.572570033825903,40,1,1,0,4,1,1,0,1,0,3,0,1,1,1,1,1,NA,2
2021,403,0.665808915185663,51,0,0,4,1,1,1,0,1,0,0,0,0,1,1,1,1,NA,0
2021,404,0.425232201651713,40,1,1,4,2,1,1,0,NA,1,3,3,0,1,0,0,0,NA,1
2021,405,0.465666463031952,69,1,0,3,5,1,1,0,1,0,1,0,0,0,0,1,1,NA,0
2021,407,0.792209155533739,33,2,1,4,2,1,1,0,1,0,3,0,1,1,1,1,1,NA,0
2021,410,1.11019312636233,37,2,1,1,1,1,1,0,1,0,3,0,1,1,1,1,1,NA,0
2021,411,0.705120569363098,40,1,0,0,6,0,0,0,0,0,0,0,NA,1,0,NA,NA,5,1
2021,413,0.352957627882049,73,0,0,3,2,1,1,0,1,0,1,0,0,1,1,0,1,NA,1
2021,415,1.64969543387102,62,0,0,2,NA,0,0,0,0,0,0,0,NA,1,0,NA,NA,3,0
2021,417,0.427272388245593,52,1,0,4,1,1,1,0,1,0,1,0,0,1,1,1,1,NA,2
2021,427,0.711768837633905,49,0,0,4,2,1,1,0,NA,0,0,0,0,1,0,0,1,NA,4
2021,428,0.873101331211962,52,0,0,1,2,1,1,0,1,0,0,0,1,1,0,1,0,NA,1
2021,429,1.14009074383722,29,1,0,0,2,1,1,0,1,0,1,0,NA,1,0,NA,NA,0,0
2021,431,3.29963626608845,39,0,0,1,2,0,0,0,0,0,0,0,NA,1,1,NA,NA,5,1
2021,432,1.3095720500029,36,1,0,4,1,1,1,0,1,0,0,0,0,1,1,1,1,NA,2
2021,433,0.957694409042235,18,1,0,2,2,1,1,0,1,0,0,0,1,1,1,1,1,NA,0
2021,434,0.792374060893551,48,0,0,3,0,1,1,0,NA,0,0,0,0,1,0,1,1,NA,0
2021,435,1.89305800607954,48,0,1,2,1,1,1,0,1,0,2,0,0,0,1,0,0,NA,1
2021,437,0.438096820707741,53,1,0,4,3,1,1,0,1,1,0,1,1,1,0,1,1,NA,1
2021,439,1.01773833751886,25,2,1,0,3,1,1,0,1,0,1,0,0,1,1,1,1,NA,2
2021,440,0.780128533930032,23,2,0,2,2,1,1,0,1,0,0,0,1,1,1,1,1,NA,2
2021,441,2.75181603949621,40,0,0,1,2,1,1,0,1,0,3,0,0,0,0,1,1,NA,0
2021,442,0.735249453264775,39,1,1,2,4,1,1,0,1,0,0,0,1,1,0,1,1,NA,3
2021,444,0.462559910495147,80,0,0,3,2,1,0,1,1,1,1,1,NA,1,1,NA,NA,1,0
2021,445,0.705120569363098,49,1,0,4,2,1,1,0,1,0,1,0,1,1,0,1,1,NA,1
2021,446,0.553155422985767,45,1,0,2,2,1,1,1,1,0,3,0,1,1,1,1,1,NA,1
2021,447,0.970865399952414,58,0,0,1,1,1,1,0,1,0,0,0,0,1,1,1,1,NA,4
2021,448,0.551272779705532,47,1,0,3,1,1,1,0,1,0,0,0,0,1,1,1,0,NA,2
2021,451,1.2657505969089,26,2,1,0,2,1,1,0,1,0,1,0,1,1,1,1,0,NA,1
2021,453,1.12546105923939,52,0,0,0,5,1,1,0,NA,0,0,0,0,1,0,0,0,NA,0
2021,455,0.92452581162378,31,1,0,3,2,1,1,0,1,0,3,0,0,1,0,1,1,NA,1
2021,457,1.43316035493854,30,2,1,1,2,1,1,1,1,0,3,0,1,1,1,0,0,NA,2
2021,458,1.23998443337487,50,0,0,0,0,1,1,0,1,0,1,0,0,1,0,1,0,NA,4
2021,461,0.374838864953704,40,1,1,0,2,1,1,0,1,0,3,0,0,1,0,1,0,NA,1
2021,462,0.761627846792223,54,0,1,3,3,1,1,0,1,0,3,0,1,1,1,0,0,NA,0
2021,463,0.840653773313918,50,0,0,0,2,1,1,0,1,0,1,0,0,1,0,1,1,NA,3
2021,464,0.983229032817765,23,2,1,4,3,1,1,0,1,0,1,0,1,1,1,1,1,NA,0
2021,467,0.837087240432402,60,0,0,1,1,1,1,0,1,0,1,0,0,1,1,1,1,NA,0
2021,468,1.24875531121737,24,2,1,0,1,1,1,1,1,0,2,0,1,1,1,1,1,NA,3
2021,471,0.304363756797461,47,2,1,1,1,1,1,0,1,0,1,0,1,1,1,1,1,NA,1
2021,473,0.50232510207533,24,1,1,4,2,1,1,0,1,0,0,0,0,1,0,1,1,NA,1
2021,482,0.381000551838797,46,2,1,4,3,1,1,0,1,0,0,0,1,1,1,1,1,NA,2
2021,484,0.436484278470456,64,0,0,4,2,1,1,0,1,1,1,1,0,1,1,1,1,NA,2
2021,486,1.91370420489664,15,0,0,3,3,0,0,0,0,0,0,0,NA,1,1,NA,NA,6,1
2021,487,0.464468498010872,46,0,0,1,3,1,1,0,1,0,3,0,0,1,0,0,0,NA,2
2021,489,1.61931977787682,37,1,0,0,6,0,0,0,0,0,0,0,NA,1,0,NA,NA,5,1
2021,490,0.799064871498524,23,1,1,1,3,1,1,0,1,0,0,0,1,1,1,1,1,NA,1
2021,491,3.29963626608845,37,0,1,2,2,0,0,0,0,0,3,0,NA,1,0,NA,NA,5,0
2021,492,0.705120569363098,42,1,0,2,2,1,1,0,1,0,1,0,1,1,0,1,1,NA,1
2021,493,1.72307926031559,37,0,1,0,2,1,1,0,1,0,0,0,0,1,0,1,1,NA,1
2021,494,1.38137703076346,29,1,0,3,1,1,1,0,NA,0,0,0,0,0,1,0,0,NA,0
2021,496,0.723944500118668,45,2,0,3,3,1,1,0,1,0,0,0,0,1,0,1,1,NA,1
2021,497,0.626849690723807,49,2,1,4,3,1,1,0,1,0,0,0,1,1,1,1,1,NA,3
2021,498,0.663150639204212,49,1,1,2,2,1,1,0,1,0,1,0,1,1,0,1,1,NA,1
2021,501,0.780880169207228,44,1,1,1,2,1,1,0,1,0,1,0,0,1,1,1,1,NA,0
2021,502,0.983261062497106,27,2,0,1,3,1,1,0,1,0,1,0,0,1,1,1,1,NA,4
2021,504,0.572570033825903,48,1,0,1,1,1,1,1,1,0,3,0,1,1,1,1,1,NA,3
2021,506,0.91925275746562,63,0,0,3,2,1,1,0,1,1,1,1,0,1,0,1,1,NA,3
2021,509,0.335948224613698,45,1,0,3,2,1,1,0,1,0,0,0,0,1,1,1,1,NA,0
2021,511,1.08501881834202,39,1,0,2,1,1,1,0,1,0,3,0,0,1,1,1,1,NA,0
2021,512,1.71608176812144,82,0,0,4,3,1,1,0,1,1,1,1,1,1,1,1,1,NA,0
2021,513,1.41514344273443,20,1,1,2,2,1,1,1,1,0,3,0,1,1,1,1,1,NA,1
2021,516,1.07406417468695,35,1,0,0,1,1,1,0,1,0,3,0,0,1,1,1,1,NA,0
2021,518,0.327663288493324,68,1,0,4,6,1,1,0,1,1,0,1,1,1,0,1,1,NA,1
2021,521,0.755113083331464,40,1,0,4,2,1,1,0,1,0,0,0,1,1,1,0,1,NA,4
2021,522,0.627278144763759,42,1,0,2,2,1,1,0,1,0,3,0,0,1,0,1,1,NA,2
2021,523,1.8985594078407,19,1,0,3,1,1,1,0,1,0,1,0,1,0,1,1,1,NA,0
2021,524,0.848542923548006,48,0,1,0,0,1,1,0,1,0,1,0,0,1,0,0,0,NA,1
2021,525,2.52407734143939,40,0,0,1,4,0,0,0,0,0,0,0,NA,0,0,NA,NA,1,4
2021,526,0.573986781341794,40,2,0,0,5,1,1,0,1,0,0,0,1,1,0,1,1,NA,2
2021,528,0.761138203880327,43,2,0,1,2,1,1,0,1,0,0,0,1,1,0,1,1,NA,4
2021,529,0.682178970122429,65,0,0,4,2,1,1,0,1,0,0,0,0,0,0,0,0,NA,0
2021,530,1.24388439717323,25,2,1,1,2,1,1,0,1,0,0,0,1,1,1,1,1,NA,4
2021,532,0.787770677492162,40,1,0,2,2,1,1,0,1,0,1,0,NA,0,1,NA,NA,7,0
2021,535,1.09915631163303,32,1,0,0,1,1,1,0,1,0,0,0,1,1,1,1,1,NA,0
2021,538,1.41514344273443,25,1,0,2,3,1,1,1,1,0,0,0,1,1,1,1,1,NA,1
2021,539,0.985028035709519,33,2,1,2,3,1,1,0,1,0,1,0,1,1,1,1,1,NA,2
2021,540,0.698469774341203,40,1,0,2,2,1,0,1,1,0,0,0,NA,0,0,NA,NA,1,0
2021,542,0.676556912494354,39,2,1,4,1,1,1,1,1,0,0,0,1,1,1,1,1,NA,0
2021,543,0.544894668938458,43,1,0,3,1,1,1,0,1,0,0,0,1,1,0,1,1,NA,0
2021,544,2.97625397362006,15,0,0,1,2,0,0,0,0,0,3,0,NA,0,1,NA,NA,6,0
2021,545,1.20791183243033,19,1,0,0,2,1,1,1,1,0,1,0,0,1,1,1,1,NA,1
2021,546,0.62515658903028,54,0,0,0,0,1,1,0,1,0,3,0,0,1,0,0,0,NA,0
2021,549,0.304363756797461,45,1,0,4,1,1,1,0,1,0,1,0,1,1,1,1,1,NA,1
2021,550,0.730403733050324,57,1,0,1,3,1,1,0,1,0,1,0,NA,0,0,NA,NA,5,2
2021,554,1.01271648822146,18,1,0,4,1,1,1,0,1,0,0,0,1,1,1,1,1,NA,1
2021,555,0.860892133762427,30,1,1,0,2,0,0,0,0,0,0,0,NA,1,0,NA,NA,5,0
2021,556,2.10884264532167,60,0,0,0,6,1,1,0,1,0,0,0,NA,0,0,NA,NA,0,1
2021,558,0.567922485289391,43,2,0,3,3,1,1,0,1,0,0,0,1,1,1,1,1,NA,1
2021,559,0.696329429654212,36,1,0,0,1,1,1,1,1,0,0,0,1,1,1,1,1,NA,0
2021,562,1.96908335960569,57,0,1,2,3,0,0,0,0,0,0,0,NA,0,0,NA,NA,1,3
2021,565,3.29963626608845,15,0,0,2,2,1,1,0,1,0,3,0,0,0,1,1,1,NA,1
2021,566,0.852019126561579,60,0,0,0,3,0,0,0,0,0,0,0,NA,1,0,NA,NA,NA,0
2021,569,2.55710778491089,38,0,0,0,2,0,0,0,0,0,0,0,NA,0,0,NA,NA,5,1
2021,572,0.424721072513997,63,1,0,2,2,1,1,0,1,0,0,0,1,1,1,0,0,NA,0
2021,574,2.07431048509954,17,1,0,1,2,1,1,0,1,0,1,0,1,1,1,1,1,NA,0
2021,575,0.759843711680901,24,1,0,1,2,1,1,0,1,0,0,0,0,1,0,1,1,NA,1
2021,576,0.648948517090567,18,1,1,1,2,1,1,1,1,0,0,0,1,1,0,1,1,NA,0
2021,578,0.478588657725922,52,1,0,2,2,0,0,0,0,0,0,0,NA,1,0,NA,NA,5,2
2021,579,1.15585919322893,21,1,1,4,2,1,1,1,1,0,3,0,1,1,1,1,1,NA,1
2021,581,0.686777247041579,54,0,0,3,1,1,1,0,1,0,0,0,0,1,1,1,1,NA,0
2021,582,0.696329429654212,33,1,1,0,1,1,1,0,1,0,0,0,1,1,0,1,1,NA,4
2021,583,1.27702969396366,32,2,1,1,3,1,1,0,1,0,0,0,1,1,1,1,1,NA,1
2021,584,1.66254921223782,30,2,1,0,4,1,1,0,1,0,0,0,1,1,0,1,1,NA,1
2021,585,0.949206994695014,36,2,1,4,1,1,1,0,1,0,0,0,1,1,1,1,1,NA,0
2021,586,1.17990308537045,30,0,1,1,NA,1,1,0,1,0,0,0,0,1,0,1,1,NA,1
2021,589,0.702538014365358,43,1,0,0,6,1,1,0,1,0,0,0,0,1,1,1,1,NA,0
2021,593,0.983261062497106,28,2,0,1,3,1,1,0,1,0,1,0,1,1,1,1,1,NA,2
2021,594,1.28825094042903,24,2,1,1,1,1,1,0,1,0,1,0,1,1,1,1,1,NA,1
2021,595,0.991275209489569,20,1,0,3,1,1,1,0,1,0,3,0,1,1,1,1,1,NA,1
2021,601,1.02220280786032,16,1,0,3,1,1,1,0,1,1,1,1,1,0,1,1,0,NA,0
2021,602,1.05657792666368,37,2,1,3,2,1,1,0,1,0,3,0,1,1,0,1,1,NA,2
2021,603,0.437871159861103,40,1,0,3,2,1,1,0,1,0,0,0,0,1,0,0,1,NA,1
2021,605,1.14500868598595,54,0,0,0,0,0,0,0,0,0,3,0,NA,0,1,NA,NA,NA,0
2021,606,0.571821845163763,50,2,0,3,1,1,1,0,1,0,0,0,0,1,1,1,1,NA,0
2021,608,0.395524205323878,42,1,0,2,2,1,1,0,1,0,0,0,0,1,1,1,1,NA,1
2021,610,0.415727338813571,43,1,1,2,4,1,1,1,1,1,1,1,1,1,0,0,1,NA,3
2021,613,1.05657792666368,30,2,0,4,1,1,1,0,1,0,1,0,0,1,1,1,1,NA,2
2021,618,0.761627846792223,70,0,0,1,0,1,1,0,1,0,1,0,0,1,0,1,1,NA,0
2021,619,0.856363464261416,34,2,0,4,1,1,1,0,1,0,0,0,1,1,1,1,1,NA,4
2021,624,0.702538014365358,49,1,1,4,2,1,1,0,1,0,0,0,1,1,1,1,1,NA,1
2021,625,0.873054334766235,60,2,0,3,5,1,1,0,1,1,1,1,0,0,0,1,0,NA,3
2021,626,0.567922485289391,42,2,0,4,2,1,1,0,1,0,0,0,1,1,0,1,1,NA,2
2021,627,0.993686492148502,30,1,0,4,2,1,1,0,1,0,3,0,0,1,0,1,1,NA,1
2021,630,0.939243739332564,39,2,1,4,1,1,1,0,1,0,0,0,1,1,1,1,1,NA,0
2021,631,0.571821845163763,61,2,1,4,3,1,1,0,1,1,0,1,1,1,1,1,1,NA,2
2021,632,0.335948224613698,42,1,1,4,2,1,1,1,1,0,1,0,1,1,0,1,1,NA,1
2021,633,0.567922485289391,42,2,0,4,2,1,1,0,1,0,0,0,1,1,1,1,1,NA,2
2021,637,2.41695876235467,60,0,0,1,0,0,0,0,0,0,0,0,NA,0,1,NA,NA,1,4
2021,640,0.395776839059189,58,2,1,4,3,1,1,0,1,0,0,0,1,1,1,1,1,NA,3
2021,642,0.586780520945595,43,1,0,1,2,1,1,0,1,0,0,0,0,1,0,0,1,NA,1
2021,644,1.24635665610365,45,1,1,2,2,1,1,0,1,1,1,1,0,1,1,1,1,NA,1
2021,650,1.3261900794262,32,2,1,1,2,1,1,0,1,0,1,0,1,1,0,1,1,NA,3
2021,651,0.970865399952414,56,0,0,2,6,1,1,0,1,0,1,0,NA,1,0,NA,NA,5,1
2021,653,0.957122054831643,42,0,0,1,2,1,1,0,1,0,1,0,1,1,0,1,1,NA,1
2021,655,0.717934255986341,64,1,0,3,2,1,1,0,1,1,0,1,0,1,0,1,1,NA,0
2021,657,0.983229032817765,27,2,0,4,1,1,1,1,1,0,1,0,1,1,1,1,1,NA,4
2021,658,0.984307809744946,29,1,1,2,2,1,1,0,1,0,0,0,0,1,0,1,0,NA,3
2021,660,1.61054972653949,33,0,1,0,0,1,1,0,1,0,3,0,0,1,0,0,0,NA,3
2021,661,1.07132030036898,22,1,0,0,5,1,1,0,NA,0,0,0,0,1,0,0,0,NA,0
2021,663,0.364473992141128,40,2,1,2,2,1,1,0,1,0,0,0,0,1,0,1,0,NA,2
2021,667,1.11520676894962,37,1,0,1,2,1,1,0,1,0,3,0,0,1,0,1,1,NA,3
2021,668,0.502178939696495,40,2,1,4,3,1,1,0,1,0,1,0,0,1,1,1,1,NA,0
2021,669,0.864820644792756,30,2,1,4,2,1,1,0,1,0,3,0,0,1,0,1,1,NA,0
2021,670,0.74444780940579,54,2,1,4,3,1,1,0,1,0,1,0,1,1,0,1,1,NA,4
2021,671,0.931063222574752,31,2,0,0,2,1,1,0,NA,0,0,0,0,1,0,1,1,NA,0
2021,673,0.914821619806964,38,1,0,1,1,1,1,0,1,0,0,0,1,1,0,1,1,NA,0
2021,674,0.725090753701805,50,1,1,4,1,1,1,0,1,0,0,0,1,1,1,1,1,NA,2
2021,675,1.08501881834202,36,1,0,2,3,1,1,0,1,0,1,0,NA,1,0,NA,NA,1,0
2021,678,1.76648799059723,32,1,1,1,2,1,1,0,1,0,1,0,0,1,0,0,0,NA,1
2021,679,0.41893370182997,73,0,0,0,6,1,1,0,1,0,0,0,0,1,0,1,1,NA,0
2021,680,0.304363756797461,51,1,1,4,2,1,1,0,1,0,0,0,1,1,1,1,1,NA,1
2021,681,0.304363756797461,75,2,0,4,3,1,1,0,1,1,0,1,1,1,1,1,1,NA,2
2021,684,0.68476049448623,16,1,0,2,2,1,1,0,1,0,3,0,NA,1,1,NA,NA,0,0
2021,685,1.41514344273443,20,1,1,4,3,1,1,0,1,0,1,0,1,1,1,1,1,NA,1
2021,687,0.979847390903862,57,0,0,2,3,1,1,0,1,0,0,0,0,1,1,1,1,NA,0
2021,688,2.32532088464413,41,0,0,3,1,0,0,0,0,0,0,0,NA,0,1,NA,NA,1,0
2021,692,1.60333742224503,31,1,0,1,2,1,1,0,1,0,1,0,0,1,1,1,1,NA,3
2021,693,0.304363756797461,70,0,1,3,2,1,1,0,1,1,1,1,0,1,1,0,0,NA,0
2021,694,1.23646492642873,37,1,1,2,2,1,1,0,1,0,0,0,0,1,0,1,1,NA,1
2021,697,1.55021392309609,46,0,1,0,1,1,1,0,1,0,0,0,0,0,0,0,0,NA,1
2021,699,0.484190642191632,56,1,1,4,2,0,0,0,0,0,0,0,NA,1,0,NA,NA,0,0
2021,700,1.64614019091396,32,2,1,4,1,1,1,0,1,0,0,0,1,1,1,1,1,NA,4
2021,703,0.584320652211321,31,2,0,3,2,1,1,0,1,0,1,0,1,1,0,1,1,NA,2
2021,704,0.398788858073629,53,1,0,4,4,1,1,0,1,0,3,0,0,1,1,1,1,NA,0
2021,706,1.94367110703067,35,1,0,4,NA,0,0,0,0,0,0,0,NA,0,1,NA,NA,NA,0
2021,707,0.395524205323878,46,1,1,4,1,1,1,0,1,0,0,0,0,1,1,1,1,NA,4
2021,709,1.13667985738439,59,0,0,3,2,1,1,1,1,0,1,0,0,1,1,1,0,NA,0
2021,710,0.384845580322621,45,2,1,3,3,1,1,0,1,0,3,0,1,1,0,1,1,NA,3
2021,711,0.919859473395895,41,0,0,1,2,1,1,0,1,0,0,0,0,1,0,0,1,NA,1
2021,712,0.364473992141128,40,2,1,4,3,1,1,0,1,0,0,0,1,1,0,1,1,NA,2
2021,713,1.21628530349557,15,1,0,3,1,1,1,0,NA,0,0,0,0,1,1,0,0,NA,0
2021,715,0.60152854424002,48,0,0,0,2,0,0,0,0,0,0,0,NA,1,0,NA,NA,5,1
2021,716,1.38800782133153,25,2,1,1,2,1,1,0,1,0,3,0,1,1,1,0,1,NA,0
2021,721,0.412562722557848,71,0,0,4,NA,1,1,1,1,1,1,1,1,1,0,0,0,NA,0
2021,723,1.08501881834202,30,1,1,3,3,1,0,1,1,0,0,0,NA,1,0,NA,NA,1,0
2021,724,0.717934255986341,55,1,0,3,2,1,1,0,1,1,1,1,0,1,0,1,0,NA,0
2021,726,0.553080534404841,56,2,0,4,2,1,1,0,1,0,0,0,1,1,1,1,1,NA,0
2021,730,0.628159231322964,45,1,0,3,2,0,0,0,0,0,3,0,NA,1,0,NA,NA,5,0
2021,731,0.954212455881476,39,1,0,3,2,1,1,0,1,0,1,0,1,1,0,0,0,NA,1
2021,732,1.49297871855167,33,2,1,4,2,1,1,0,1,0,1,0,1,1,1,0,0,NA,0
2021,733,0.864537344009516,25,2,0,0,2,1,1,0,1,0,1,0,1,1,0,1,0,NA,0
2021,735,0.499361600888538,59,1,0,4,4,1,1,0,1,0,0,0,1,1,0,1,1,NA,1
2021,745,0.800410573455658,24,1,1,3,1,1,1,1,1,0,1,0,1,1,1,1,1,NA,1
2021,746,1.41514344273443,21,1,1,1,1,0,0,0,0,0,0,0,NA,1,1,NA,NA,5,0
2021,747,0.822506784506494,17,1,0,3,2,1,1,0,1,0,0,0,0,1,0,1,1,NA,0
2021,748,1.76648799059723,33,1,0,4,3,1,1,0,1,0,3,0,1,1,1,1,1,NA,0
2021,750,1.07517716931314,50,0,1,2,5,1,1,0,1,0,1,0,1,1,0,0,1,NA,1
2021,751,0.596681334203371,32,2,1,4,1,1,1,0,1,0,1,0,0,1,1,1,1,NA,0
2021,752,0.436584219826647,40,2,1,3,4,1,1,0,1,0,0,0,0,1,0,1,1,NA,0
2021,753,2.35596987082569,61,0,0,2,5,1,1,0,NA,0,0,0,0,0,0,1,0,NA,0
2021,754,1.09175674715097,36,2,1,4,3,1,1,0,1,0,0,0,1,1,1,1,1,NA,0
2021,756,1.41514344273443,18,1,0,3,2,1,0,1,1,0,0,0,NA,1,1,NA,NA,0,1
2021,757,0.83409638916075,35,1,0,1,0,1,1,0,1,0,1,0,1,1,1,1,1,NA,0
2021,763,0.724757884561886,43,1,0,2,2,1,1,0,1,1,1,1,1,1,0,1,1,NA,3
2021,766,1.28664748782047,21,1,1,0,1,0,0,0,0,0,0,0,NA,0,0,NA,NA,5,0
2021,768,1.28138793382891,43,0,0,2,2,1,1,0,1,0,0,0,1,1,0,1,1,NA,0
2021,770,1.61011487096936,44,1,0,0,2,1,1,0,NA,0,3,0,0,0,0,1,0,NA,0
2021,772,1.12546105923939,53,0,0,2,3,0,0,0,0,0,3,0,NA,1,0,NA,NA,6,0
2021,773,0.364473992141128,40,2,1,4,1,1,1,0,1,0,0,0,1,1,1,1,1,NA,2
2021,775,0.731758943046188,38,1,1,1,2,1,1,0,1,0,3,0,1,1,0,0,1,NA,1
2021,777,0.778312241223572,29,2,0,3,2,0,0,0,0,0,0,0,NA,1,1,NA,NA,6,0
2021,778,1.41514344273443,16,1,1,4,2,1,1,0,1,0,0,0,1,1,0,1,1,NA,3
2021,783,0.846802704495028,29,1,1,0,5,1,1,0,1,0,1,0,0,1,0,1,1,NA,1
2021,784,1.08505416392648,39,1,0,1,2,1,1,0,1,0,3,0,0,1,1,0,1,NA,1
2021,787,0.648969945320242,54,0,1,1,6,1,1,0,1,0,0,0,NA,1,0,NA,NA,0,1
2021,793,0.567922485289391,46,2,1,3,4,1,1,0,1,0,0,0,1,1,0,1,1,NA,2
2021,794,0.696329429654212,38,1,0,0,1,1,1,1,1,0,1,0,1,1,1,0,0,NA,0
2021,795,0.959415437598129,39,1,0,4,1,1,1,1,1,0,1,0,1,1,1,1,1,NA,4
2021,798,0.83409638916075,39,1,0,0,2,1,1,0,1,0,0,0,0,1,0,0,0,NA,1
2021,799,0.917724114029424,40,0,0,0,2,1,1,0,1,0,0,0,1,1,0,1,0,NA,1
2021,800,0.94336158931076,21,1,0,4,1,1,1,0,1,0,1,0,0,1,1,0,1,NA,0
2021,801,1.24015830158813,25,2,0,4,2,1,1,0,1,0,0,0,1,1,0,1,1,NA,1
2021,802,0.714918671744704,39,2,1,4,1,1,1,1,1,0,0,0,1,1,1,1,1,NA,0
2021,804,2.1679474066655,17,1,0,0,2,1,1,0,1,0,0,0,0,1,1,1,1,NA,4
2021,805,0.354401647672988,79,0,0,0,2,1,1,0,1,0,1,0,0,0,0,1,0,NA,0
2021,806,0.354996976721927,41,1,0,3,2,1,1,0,1,0,0,0,1,1,0,1,1,NA,1
2021,807,1.10537383648952,47,0,0,0,2,1,1,0,NA,0,0,0,0,1,0,0,0,NA,0
2021,808,0.846802704495028,27,1,0,1,3,1,1,0,1,0,0,0,0,1,1,0,1,NA,0
2021,812,1.09782885295235,17,1,0,4,1,1,1,0,NA,0,3,0,0,1,1,0,0,NA,0
2021,813,0.581166487255374,34,1,1,1,1,1,1,0,1,0,0,0,1,1,1,1,1,NA,2
2021,814,0.567922485289391,44,2,0,3,2,1,1,0,1,0,0,0,1,1,0,1,1,NA,0
2021,817,1.20791183243033,16,1,0,0,3,0,0,0,0,0,0,0,NA,1,0,NA,NA,6,0
2021,818,2.16025849713773,38,0,0,0,0,1,1,0,1,0,1,0,1,1,0,0,1,NA,3
2021,819,1.25475397140108,18,1,0,4,4,1,1,0,1,0,0,0,1,1,1,1,0,NA,3
2021,820,0.914821619806964,35,1,1,1,1,1,1,0,1,0,0,0,0,1,0,1,1,NA,0
2021,823,1.92293861522234,35,1,0,1,1,1,1,0,1,0,0,0,0,0,1,0,0,NA,2
2021,825,2.78754887914328,23,1,0,1,2,0,0,0,0,0,0,0,NA,0,0,NA,NA,6,0
2021,828,0.97383628314662,35,2,1,4,3,0,0,0,0,0,0,0,NA,1,0,NA,NA,2,1
2021,831,0.42536156990966,62,1,1,3,5,1,1,0,1,0,0,0,1,1,1,1,1,NA,0
2021,835,0.498792894960841,44,1,0,3,2,1,1,0,1,0,1,0,0,1,0,1,1,NA,1
2021,839,0.672254760151616,45,1,1,1,5,1,1,0,NA,0,0,0,0,1,0,1,1,NA,1
2021,840,0.761627846792223,56,0,1,2,6,1,1,0,1,0,1,0,1,1,0,1,1,NA,0
2021,843,1.05385214332683,49,0,0,3,0,1,1,0,1,0,0,0,0,1,0,0,0,NA,1
2021,844,1.03969902100585,51,0,0,2,NA,1,1,0,1,0,3,0,0,1,0,1,0,NA,0
2021,848,0.900089632648019,48,0,1,0,5,0,0,0,0,0,0,0,NA,1,0,NA,NA,NA,0
2021,849,0.893394191362251,52,0,0,3,0,0,0,0,0,0,0,0,NA,1,0,NA,NA,5,0
2021,850,0.498814312969021,73,2,0,4,1,1,1,0,1,1,0,1,1,1,1,1,1,NA,2
2021,851,0.897582573035342,48,0,0,3,2,1,1,0,1,0,0,0,0,1,0,0,1,NA,0
2021,852,1.24635665610365,43,1,0,3,2,1,1,0,1,0,3,0,0,1,0,1,0,NA,2
2021,854,3.29963626608845,15,1,0,1,2,0,0,0,0,0,0,0,NA,0,0,NA,NA,NA,0
2021,856,0.540825522858564,28,2,1,3,2,1,1,0,1,1,1,1,0,1,0,1,1,NA,1
2021,859,1.09734842407798,31,2,1,3,3,1,1,1,1,0,0,0,1,1,0,1,1,NA,0
2021,861,0.957663212195337,24,1,0,4,1,1,1,0,1,0,0,0,1,1,0,1,1,NA,0
2021,863,0.610550409258998,47,1,0,1,1,1,1,0,1,0,0,0,1,1,0,1,1,NA,0
2021,865,0.614642156157998,55,1,1,0,3,0,0,0,0,0,0,0,NA,1,0,NA,NA,1,0
2021,867,0.413979454043361,58,1,0,3,2,1,1,0,1,0,1,0,0,1,0,0,0,NA,0
2021,869,1.48118643759744,29,1,0,4,1,1,1,0,1,0,1,0,0,0,1,1,1,NA,0
2021,870,0.497994241052469,42,1,0,3,2,1,1,0,1,1,1,1,0,1,1,0,1,NA,0
2021,872,1.03097914198442,32,1,1,0,2,1,1,0,1,0,0,0,0,1,0,0,1,NA,0
2021,873,1.12546105923939,58,0,1,0,0,1,1,0,1,0,1,0,1,1,0,0,0,NA,4
2021,875,0.31238599024028,40,2,1,3,3,1,1,0,1,0,1,0,1,1,1,1,1,NA,1
2021,877,0.970062019653793,42,0,0,2,1,1,1,0,1,0,1,0,0,1,1,0,0,NA,1
2021,879,1.76648799059723,30,1,0,0,2,1,1,0,1,0,3,0,1,1,1,0,1,NA,1
2021,880,1.09782885295235,20,1,1,1,2,1,1,0,NA,0,2,0,0,1,0,0,1,NA,0
2021,881,0.81600829732157,29,1,1,2,3,1,1,0,1,0,1,0,NA,1,0,NA,NA,5,2
2021,883,0.478837564044412,40,2,1,4,3,1,1,0,1,0,0,0,1,1,0,1,1,NA,4
2021,884,0.991275209489569,20,1,1,4,1,1,1,0,1,0,0,0,0,1,1,1,1,NA,0
2021,885,1.41514344273443,27,1,1,1,1,1,1,0,1,0,0,0,1,1,1,1,1,NA,4
2021,886,0.817400375917991,42,1,1,3,1,1,1,1,1,0,0,0,1,1,0,1,1,NA,1
2021,888,0.567922485289391,44,2,1,3,1,1,1,0,1,0,1,0,0,1,1,1,1,NA,2
2021,889,1.1140208191841,38,2,1,4,2,1,1,0,1,0,1,0,0,1,0,0,1,NA,1
2021,892,0.758053335698004,47,0,0,3,6,1,1,0,1,0,3,0,1,1,0,1,1,NA,1
2021,893,1.19759954628426,38,1,0,3,2,1,1,0,1,0,2,0,0,1,0,1,1,NA,1
2021,897,1.11520676894962,39,1,0,3,2,1,1,0,1,1,0,1,0,1,0,0,0,NA,0
2021,899,0.698469774341203,45,1,0,0,4,0,0,0,0,0,3,0,NA,0,0,NA,NA,4,1
2021,901,2.21843271128975,15,0,0,4,1,0,0,0,0,0,0,0,NA,1,1,NA,NA,7,0
2021,902,1.73819171240305,42,0,1,0,4,1,1,0,1,0,0,0,1,0,1,0,1,NA,1
2021,903,0.556953392104004,63,1,0,1,2,1,1,0,1,0,1,0,0,1,0,1,0,NA,4
2021,905,0.743463570949164,27,1,0,4,5,1,1,0,1,0,1,0,1,1,1,1,1,NA,0
2021,907,0.696329429654212,34,1,0,0,1,1,1,0,1,0,0,0,0,1,1,0,1,NA,0
2021,909,0.957663212195337,29,1,1,4,2,1,1,0,1,0,1,0,0,1,1,1,1,NA,0
2021,913,0.963536432973777,57,0,0,0,5,1,1,0,1,0,1,0,0,1,0,1,1,NA,4
2021,914,1.54418835148805,30,1,1,0,2,1,1,0,NA,0,3,0,0,0,0,0,0,NA,0
2021,917,1.10722253435347,18,1,1,3,2,1,1,0,1,0,0,0,0,1,1,0,1,NA,1
2021,921,1.04661052631307,47,0,0,1,6,0,0,0,0,0,0,0,NA,1,0,NA,NA,1,4
2021,922,0.883874549278394,34,2,1,3,2,1,1,0,1,0,1,0,1,1,1,1,1,NA,0
2021,927,1.01058493575411,27,2,0,2,2,1,1,0,1,0,3,0,0,1,1,0,0,NA,1
2021,928,0.822506784506494,21,1,0,3,2,1,1,0,1,0,3,0,1,1,1,1,1,NA,2
2021,930,0.498814312969021,60,2,0,3,2,1,1,0,1,0,0,0,1,1,0,1,1,NA,0
2021,933,0.537749647665035,42,2,0,1,2,1,1,0,NA,0,0,0,0,1,0,0,0,NA,1
2021,934,0.752662952464924,38,1,0,1,2,1,1,1,1,0,3,0,1,1,1,1,1,NA,1
2021,936,1.38309967717461,36,1,0,1,2,1,1,0,1,0,3,0,0,1,0,1,0,NA,1
2021,938,1.60333742224503,38,1,1,2,2,1,1,0,1,0,0,0,0,1,0,1,1,NA,1
2021,940,1.40508174252781,32,2,0,3,2,1,1,0,1,0,1,0,1,1,1,1,1,NA,0
2021,941,1.22075641199787,15,1,0,1,2,0,0,0,0,0,0,0,NA,1,1,NA,NA,3,0
2021,942,0.821778370489809,27,2,1,3,3,1,1,1,1,0,0,0,1,1,1,1,1,NA,2
2021,944,2.76921379423501,33,0,1,0,3,1,1,0,NA,0,0,0,0,1,1,0,0,NA,2
2021,945,0.925613171622602,70,0,0,1,NA,1,1,0,NA,0,0,0,0,1,1,1,1,NA,0
2021,948,0.731616881368949,54,0,0,2,2,1,1,0,1,0,0,0,1,0,0,0,NA,NA,1
2021,949,0.83409638916075,36,1,0,2,2,1,1,0,NA,0,3,0,0,1,1,0,1,NA,1
2021,951,1.10722253435347,17,1,0,4,2,1,1,0,1,0,0,0,0,1,1,1,1,NA,0
2021,954,0.544588801514438,66,0,0,3,1,1,1,0,1,0,0,0,0,1,1,1,1,NA,0
2021,955,2.76921379423501,35,0,1,0,6,1,1,0,1,0,0,0,NA,1,0,NA,NA,1,2
2021,956,0.847587246583751,40,2,1,2,2,1,1,0,1,0,0,0,1,1,0,1,1,NA,0
2021,958,0.831676375803008,21,1,1,0,3,1,1,0,1,0,1,0,NA,1,0,NA,NA,5,1
2021,959,0.464468498010872,40,0,0,0,NA,1,1,0,1,0,0,0,0,1,0,0,0,NA,0
2021,960,0.665808915185663,61,0,1,0,2,1,1,0,NA,0,0,0,0,1,0,0,0,NA,0
2021,965,0.786065622071648,29,1,1,0,1,1,1,0,1,0,3,0,0,1,1,1,1,NA,4
2021,967,0.464468498010872,40,0,0,0,2,1,1,0,1,0,0,0,0,1,1,1,1,NA,1
2021,973,0.56794098593826,41,2,0,2,2,1,1,0,1,0,0,0,0,1,0,1,1,NA,0
2021,974,0.81600829732157,29,1,1,2,6,1,1,0,1,0,0,0,0,1,0,1,1,NA,1
2021,975,0.800410573455658,17,1,0,3,2,1,1,0,1,0,0,0,1,1,1,0,1,NA,1
2021,976,0.970141297375598,19,1,0,1,2,1,1,0,1,0,0,0,1,1,1,1,0,NA,0
2021,977,0.584320652211321,32,2,0,0,6,1,1,0,1,0,3,0,1,1,0,1,0,NA,1
2021,981,1.13678099743518,26,2,1,4,3,1,1,1,1,0,0,0,1,1,1,1,1,NA,2
2021,982,0.553173442582659,45,1,0,2,1,1,1,0,1,0,1,0,1,1,1,1,1,NA,4
2021,983,1.71552998376063,19,1,1,0,2,1,1,0,NA,0,0,0,0,0,0,1,1,NA,3
2021,987,0.970141297375598,20,1,0,4,2,1,1,0,1,0,3,0,1,1,1,1,1,NA,0
2021,988,0.822506784506494,18,1,0,1,2,1,1,0,1,0,1,0,0,1,0,0,1,NA,0
2021,997,0.700803791947397,53,1,0,3,1,1,1,0,1,0,1,0,NA,0,1,NA,NA,6,0
2021,998,0.985028035709519,32,2,0,2,4,1,1,0,1,0,1,0,0,1,0,1,1,NA,3
2021,999,0.864820644792756,34,2,1,2,1,1,1,0,1,0,0,0,1,1,1,1,1,NA,2
2021,1000,1.00289693911569,33,2,0,3,2,1,1,0,1,0,0,0,1,1,0,1,1,NA,1
2021,1001,0.75025379158732,52,0,0,1,1,1,1,0,1,0,1,0,NA,1,1,NA,NA,1,4
2021,1002,0.681041382693723,23,1,1,2,6,1,1,0,1,0,0,0,1,1,0,1,1,NA,2
2021,1005,0.352957627882049,60,0,1,3,4,1,1,0,1,1,1,1,0,1,0,1,1,NA,0
